Id;Titulo;Isbn;Autor;Assunto;Valor;
001;50 Tons da Vida;97-885-7480-817-8;Roberto Livianu;Literatura brasileira, Crônicas;R$ 39,90;
002;A Lua do Oriente e Outras Luas;978-65-5580-076-0;Christina Stephano de Queiroz;Ilustrado, Literatura brasileira, Crítica literária, Poesia, História, Biografia;R$ 78,00;
003;A Um - Poemas;85-85851-40-6;Robert Creeley;Poesia, Literatura estrangeira, Bilíngue, Ilustrado, Tradução;R$ 49,00;
004;A Voz e o Tempo - 3a ed.;978-65-5580-016-6;Roberto Gambini;Ilustrado, Psicanálise e Psicologia;R$ 72,00;
005;A.S.A. - Associação dos Solitários Anônimos;85-7480-132-1;Rosario Fusco;Literatura brasileira, Romance;R$ 64,00;
006;Acústica Musical em Palavras e Sons, A;978-85-7480-649-5;Flo Menezes;Ilustrado, Música;R$ 91,00;
007;Adeus Penderama e Outros Escritos;978-85-7480-377-7;José Paulo Cavalcanti Filho;Memória, Literatura brasileira;R$ 42,00;
008;Adoniran Barbosa - O Poeta da Cidade;85-7480-114-3;Francisco Rocha;Música, Memória, Ilustrado;R$ 53,00;
009;Adorável Criatura Frankenstein;85-7480-215-8;Ademir Assunção;Literatura brasileira, Romance;R$ 52,00;
010;Afeto Autoritário, O - Televisão, Ética e Democracia;85-7480-230-1;Renato Janine Ribeiro;Televisão, Comunicação, Sociologia e Sociedade, Cultura;R$ 42,00;
011;Afinador de Passarinhos, O;978-85-7480-550-4;Gil Perini;Literatura brasileira, Contos;R$ 46,00;
012;Aldo Manuzio. Editor. Tipógrafo. Livreiro (2a ed.);978-65-5580-003-6;Enric Satué;Ilustrado, Design, Tipografia, Artes gráficas, Tradução, História, Editoração, Livros sobre livros;R$ 75,00;
013;Alguma Crítica;85-7480-068-6;João Alexandre Barbosa;Crítica literária, Literatura;R$ 66,00;
014;Almanaque Tipográfico Brasileiro;978-85-7480-418-7;Carlos M. Horcades;Design, Tipografia, Almanaque, Artes gráficas, Ilustrado;R$ 67,00;
015;Alongamento;85-7480-264-6;Sérgio Medeiros;Literatura brasileira, Poesia;R$ 62,00;
016;Altar & o Trono, O - Dinâmica do Poder em O Alienista;978-85-7480-511-5;Ivan Teixeira;Literatura brasileira, Crítica literária;R$ 106,00;
017;Amaro Macedo - O Solitário do Cerrado;978-85-7480-430-9;Gil Felippe, Maria do Carmo Duarte Macedo;Memória, Biografia, Botânica, Ilustrado;R$ 47,00;
018;Amor, Luta e Luto - No Tempo da Ditadura;978-65-5580-037-1;Maria do Socorro Diógenes;Ilustrado, História, Política;R$ 40,00;
019;Ancora Medicinal para Conservar a Vida com Saúde;85-7480-195-X;Francisco da Fonseca Henriquez;Gastronomia, Culinária, Medicina e Saúde;R$ 102,00;
020;Andaimes;978-85-7480-316-6;Milton Torres;Literatura brasileira, Poesia;R$ 64,00;
021;Anfiteatro, O - Textos sobre Medicina;85-7480-066-X;Pedro Nava;Memória, Medicina e Saúde, Ilustrado;R$ 44,00;
022;Angola e Moçambique - 2a ed.;978-65-5580-068-5;Rita Chaves;Literatura africana, Estudos Literários;R$ 65,00;
023;Angu de Sangue - 3a. ed.;978-85-7480-835-2;Marcelino Freire;Ilustrado, Literatura brasileira, Contos;R$ 52,00;
024;Anima Mundi;85-7480-263-8;Ricardo Pires de Souza;Literatura brasileira, Poesia;R$ 79,00;
025;Animal de Silêncios;85-7480-123-2;Jaime Labastida;Tradução, Poesia, Literatura estrangeira, Bilíngue;R$ 48,00;
026;Anos de Exílio do Jovem Mallarmé, Os;978-85-7480-366-1;Joaquim Brasil Fontes;Crítica literária, Literatura estrangeira;R$ 52,00;
027;Antologia Poética;85-7480-067-8;Jorge Wanderley;Literatura brasileira, Poesia;R$ 62,00;
028;Antologia Poética - 1987-2017;978-85-7480-781-2;Marcelo Sandmann;Poesia;R$ 39,90;
029;Ao Vires Isto - Gertrude Stein;978-8574-8081-16;Luci Collin, Daniella Aguiar, João Queiroz;Crítica literária, Literatura, Teoria literária;R$ 44,90;
030;Apoteose de Schoenberg;85-7480-109-7;Flo Menezes;Música, Crítica musical;R$ 83,00;
031;Arabia Brasilica;978-85-7480-751-5;Alberto Sismondini;Crítica literária, Teoria literária, Cultura islâmica, Cultura árabe;R$ 52,00;
032;Arca de Noésio, A;85-85851-18-X;Gustavo Martins;Literatura brasileira, Infantil, Ilustrado;R$ 23,00;
033;Arquétipos Literários, Os - 3a ed.;978-85-7480-837-6;Eleazar M. Meletínski;Crítica literária, Teoria literária, Tradução;R$ 54,00;
034;Arte da Automutilação, A;978-85-7480-642-6;Felipe Lion;Literatura brasileira, Poesia;R$ 51,00;
035;Arte de Argumentar, A (14a. ed.);978-65-5580-034-0;Antônio Suárez Abreu;Comunicação, Argumentação, Escrita, Linguística;R$ 49,00;
036;Arte do Zajal, A - Estudo de Poética Árabe;978-85-7480-381-4;Michel Sleiman;Crítica literária, Poesia, Cultura árabe;R$ 60,00;
037;Arte Invisível ou a Arte do Livro, A;85-7480-177-1;Plinio Martins Filho;Design, Tipografia, Livros sobre livros, Artes gráficas, Ilustrado;R$ 48,00;
038;Arte, Dor - Inquietudes entre Estética e Psicanálise;978-85-7480-248-0;João A. Frayze-Pereira;Arte, Psicanálise e Psicologia, Ilustrado;R$ 108,00;
039;Artigas e Cascaldi - Arquitetura em Londrina;85-7480-156-9;Juliana Suzuki;Arquitetura, Ilustrado;R$ 81,00;
040;As Traquínias;978-65-5580-064-7;Sofocles, Jaa Torrano;Bilíngue, Tradução, Teatro, Literatura clássica, Cultura grega;R$ 76,00;
041;Atando as Pontas da Vida;978-65-5580-021-0;Ariovaldo José Vidal;Crítica literária, Literatura, Teoria literária;R$ 51,00;
042;Até a Margem do Grande Rio;978-85-7480-575-7;Edu Campos;Literatura brasileira, Contos, Fotografia, Ilustrado;R$ 42,00;
043;Ateneu, O;978-85-7480-756-0;Emília Amaral, Raul Pompeia;Literatura brasileira, Romance, Ilustrado;R$ 46,00;
044;Auto da Barca do Inferno;978-85-7480-590-0;Gil Vicente, Ivan Teixeira;Cultura medieval, Idade média, Literatura portuguesa, Literatura medieval, Teatro, Ilustrado;R$ 31,00;
045;Ájax;978-65-5580-063-0;Sofocles, Jaa Torrano;Bilíngue, Tradução, Teatro, Literatura clássica, Cultura grega;R$ 79,00;
046;Égloga da Maçã;978-85-7480-577-1;Affonso Ávila;Literatura brasileira, Poesia, Ilustrado;R$ 54,00;
047;Ícaro;978-85-7480-334-0;Gabriel Pedrosa;Literatura brasileira, Poesia, Ilustrado;R$ 36,00;
048;Índia - Além do Olhar;978-85-7480-739-3;Marleine Paula Marcondes e Ferreira de Toledo;Memória, Religião;R$ 35,00;
049;Índios na Constituição, Os;978-85-7480-827-7;Camila Loureiro Dias, Artionka Capiberibe;Ilustrado, Sociologia e Sociedade, História, Política, Ecologia, Jornalismo, Cidadania, Direito;R$ 38,00;
050;Baú de Receitas;978-65-5580-053-1;Pedro Nava, Luciano Gomes Filippo;Memória, Ilustrado, Gastronomia, Culinária;R$ 95,00;
051;Bailadora Andaluza, A - A Explosão do Sagrado na Poesia de João Cabral;85-85851-20-1;Waldecy Tenório;Literatura brasileira, Crítica literária;R$ 52,00;
052;Balão Cativo;85-7480-006-6;Pedro Nava;Memória, Literatura brasileira;R$ 72,00;
053;BaléRalé;85-7480-174-7;Marcelino Freire;Literatura brasileira, Contos;R$ 48,00;
054;Baldio - poemas (2009-2017);978-85-7480-791-1;Rodrigo Madeira;Poesia;R$ 44,90;
055;Banda das Velhas Virgens, A - 18 Anos de Bar em Bar;85-7480-304-9;Alexandre Cavalo, Ricardo dos Santos Gozzi;Música, Memória, Biografia, Ilustrado;R$ 39,80;
056;Batalha dos Livros, A;978-85-7480-773-7;Lincoln Secco;História, Política, Livros sobre livros;R$ 56,00;
057;Bíblia, Literatura e Recepção;978-65-5580-045-6;João Leonel;Literatura, Religião;R$ 70,00;
058;Beauty & Fashion;85-7480-161-5;Mário Cafiero;Arte, Ilustração e pintura, Humor;R$ 76,00;
059;Beira-Mar;85-7480-147-X;Pedro Nava;Memória, Literatura brasileira;R$ 78,00;
060;Bibliodiversidade e Preço do Livro;978-65-5580-051-7;Gustavo Piqueira, Marisa Midori Deaecto;Ilustrado, Livros sobre livros, Economia;R$ 59,90;
061;Bibliomania;978-85-7480-722-5;Lincoln Secco, Marisa Midori Deaecto;Livros sobre livros, Bibliofilia;R$ 63,00;
062;Biblioteca Imaginária, A;85-85851-13-9;João Alexandre Barbosa;Crítica literária, Literatura;R$ 52,00;
063;Bicho Urucutum, O;85-85851-56-2;Pedro Nava;Memória, Literatura brasileira, Ilustrado;R$ 52,00;
064;Bilhete Seco;978-85-7480-563-4;Elisa Nazarian;Literatura brasileira, Contos;R$ 51,00;
065;Bom Crioulo;978-85-7480-684-6;Salete de Almeida Cara, Kaio Romero, Adolfo Caminha;Literatura brasileira, Romance, Ilustrado;R$ 40,00;
066;Bovarismo e Romance - Madame Bovary e Lady Oracle;85-7480-032-5;Andrea Saad Hossne;Crítica literária, Literatura estrangeira;R$ 60,00;
067;Branco sobre Branco;978-85-7480-429-3;Guilherme Zarvos;Cultura, Ilustrado;R$ 66,00;
068;Brasil: Paisagens de Exceção - O Litoral e o Pantanal Mato-grossense: Patrimônios Básicos;978-85-7480-754-6;Aziz Ab Sáber;Geografia, Ecologia, Ilustrado;R$ 59,00;
069;C@rtas Ácidas da Campanha de Lula de 1998, As;85-7480-011-2;Bernardo Kucinski;Memória, Política;R$ 38,00;
070;Cadenciando-um-Ning - Um Samba, para o Outro;85-7480-055-4;Michael Palmer, Régis Bonvicino;Literatura brasileira, Poesia, Literatura estrangeira, Bilíngue;R$ 44,00;
071;Caderno de Literatura e Cultura Russa - Dostoiévski;1806-2911;Depto. Letras Orientais USP;Crítica literária, Literatura estrangeira;R$ 102,00;
072;Cadernos 1 e 2;85-86084-09-3;Pedro Nava;Memória, Literatura brasileira, Ilustrado;R$ 38,00;
073;Caligramas (2a ed.);978-85-7480-795-9;Álvaro Faleiros, Guillaume Apollinaire;Ilustrado, Literatura estrangeira, Poesia, Bilíngue, Tradução;R$ 68,00;
074;Cama de Campanha;85-7480-328-6;Flávio Carvalho Ferraz;Literatura brasileira, Poesia;R$ 42,00;
075;Caminho do Encontro, A - Uma Leitura de Contos Novos;85-85851-84-8;Ivone Daré Rabello;Literatura brasileira, Crítica literária;R$ 57,00;
076;Caminhos do Romance em Portugal - Camilo, Eça e o Folhetim Francês;978-85-7480-696-9;Andréa Trench de Castro;Crítica literária, Literatura portuguesa;R$ 56,00;
077;Cantigas do Falso Alfonso el Sabio;85-7480-331-6;Affonso Ávila;Literatura brasileira, Poesia;R$ 52,00;
078;Capa do Livro Brasileiro, A - 1820-1950;978-85-7480-777-5;Ubiratan Machado;Ilustração e pintura, Ilustrado, Design, Artes gráficas, Editoração, Livros sobre livros, Criação;R$ 320,00;
079;Capas de Santa Rosa;978-85-7480-727-0;Luís Bueno;Arte, Ilustrado, Design, Artes gráficas, Biografia, Livros sobre livros;R$ 132,00;
080;Capítulos da História da Medicina no Brasil;85-7480-212-3;Pedro Nava;Medicina e Saúde, História;R$ 68,00;
081;Carne, A;978-85-7480-706-5;Júlio Ribeiro;Literatura brasileira, Romance, Ilustrado;R$ 47,00;
082;Cartas a Miranda;978-85-74-80-736-2;Quatremère de Quincy;Arte, Arquitetura, Restauração, História;R$ 43,00;
083;Cartas a William Agel de Mello;85-7480-153-4;João Guimarães Rosa, William Agel de Mello;Memória, Literatura brasileira;R$ 39,60;
084;Cartas aos Amigos Caio Porfírio Carneiro e Fábio Lucas;85-7480-249-2;João Antônio;Memória;R$ 39,00;
085;Cartas de Fidelino de Figueiredo e de Segismundo Spina;978-85-7480-464-4;Nuno Fidelino de Figueiredo;Memória;R$ 39,00;
086;Cartilha - Martelo-Gabinete e Ferrografia;85-7480-130-5;Virgílio Maia;Literatura brasileira, Poesia, Ilustrado;R$ 36,00;
087;Casa de Pensão;978-85-7480-461-3;Marcelo Bulhões, Aluísio de Azevedo;Literatura brasileira, Romance, Ilustrado;R$ 48,80;
088;Casa dos Seis Tostões, A;978-85-7480-729-4;Paul Collins;Tradução, Livros sobre livros;R$ 69,00;
089;Casas Importadoras de Santos e seus Agentes;978-85-7480-710-2;Carina Marcondes Ferreira Pedro;História, Economia, Cultura;R$ 44,00;
090;Catecismo da Preservação de Monumentos;978-85-7480-662-4;Max Dvorák;Arquitetura, Restauração;R$ 44,00;
091;Céus Derretidos;85-85851-12-0;Teixeira Coelho, Jean-Claude Bernardet;Literatura brasileira, Romance;R$ 49,00;
092;Cem Menores Contos Brasileiros do Século, Os;97885-7480-686-0;Marcelino Freire;Literatura brasileira, Contos;R$ 35,00;
093;Cem Menores Contos Brasileiros do Século, Os (5a. ed.);978-85-7480-799-7;Marcelino Freire;Humor, Literatura brasileira, Contos;R$ 48,00;
094;Cena Absurdo;978-85-7480-734-8;Pedro Marques;Literatura, Poesia;R$ 67,00;
095;Cena Macaca;978-85-7480-350-0;Zé Pedro;Arte, Ilustração e pintura, Humor;R$ 68,00;
096;Cena Muda, A;85-7480-017-1;Miguel Angel Fernandez;Literatura brasileira, Romance;R$ 54,00;
097;Cenas da Infância - Kartolas, Kalungas e Katiras;978-85-7480-762-1;Jonas Rosa;Poesia;R$ 40,00;
098;Cenas em Jogo;978-85-7480-805-5;Renato Tardivo;Crítica literária, Teoria literária, Psicanálise e Psicologia, Cinema;R$ 43,00;
099;Cera das Almas;85-7480-247-6;Pedro Nava;Memória, Literatura brasileira;R$ 43,00;
100;Choro de Homem;85-7480-058-9;Marcos Rodrigues;Literatura brasileira, Contos, Ilustrado;R$ 44,00;
101;Ciclo das Chamas;85-7480-292-1;Antônio Lázaro de Almeida Prado;Literatura brasileira, Poesia;R$ 39,00;
102;Cidade de Atys;85-85851-60-0;Marcelo Novaes;Literatura brasileira, Romance;R$ 29,00;
103;Cidade e as Serras, A;978-85-7480-380-7;Paulo Franchetti, Leila Guenther, Eça de Queirós;Romance, Literatura portuguesa, Ilustrado;R$ 46,00;
104;Cidadela Ardente;85-85851-48-1;Thelma Guedes;Ilustrado, Literatura brasileira, Contos;R$ 48,00;
105;Cinematografia;978-85-7480-808-6;Paulo Lopes Lourenço;Ilustrado, Poesia;R$ 48,00;
106;Clarice Lispector - Uma Poética do Olhar;85-85851-85-6;Regina Pontieri;Literatura brasileira, Crítica literária;R$ 53,00;
107;Clepsidra;978-85-7480-462-0;Paulo Franchetti, Camilo Pessanha;Poesia, Literatura portuguesa, Ilustrado;R$ 38,00;
108;Clichês Brasileiros;978-85-7480-643-3;Gustavo Piqueira;Ilustrado, Design, Livros sobre livros, Ilustração e pintura, Tipografia, Artes gráficas;R$ 69,00;
109;Clusters;978-85-7480-522-1;Pedro Marques;Literatura brasileira, Poesia;R$ 38,00;
110;Cocanha - Várias Faces de uma Utopia;978-65-5580-010-4;Hilário Franco Jr.;Ilustrado, Sociologia e Sociedade, Literatura medieval, Mitologia, História, Cultura medieval, Idade média;R$ 55,00;
111;Coisas do Diabo Contra;978-85-7480-645-7;Eromar Bomfim;Ilustrado, Literatura brasileira, Romance;R$ 53,00;
112;Comédia e Seus Duplos, A: O Anfitrião de Plauto;978-85-7480-763-8;Rodrigo Tadeu Gonçalves;Crítica literária, Teatro, Literatura clássica;R$ 69,90;
113;Comentário Literal sobre os Três Primeiros Capítulos do Gênesis;85-7480-102-X;Giovanni Jacopo Casanova;Romance, Literatura estrangeira;R$ 38,00;
114;Comunicados Lacônicos;978-85-7480-402-6;Antonio Lizárraga;Literatura brasileira, Poesia; ;
115;Condillac Lúcido e Translúcido;978-85-7480-551-1;Leon Kossovitch;Filosofia;R$ 59,00;
116;Contos da Nova Cartilha - Primeiro Livro de Leitura;978-85-7480-823-9;Liev Tolstói;Literatura estrangeira, Contos, Infantil, Ilustrado, Tradução;R$ 58,00;
117;Contos do Divã;978-85-7480-373-9;Sylvia Loeb;Literatura brasileira, Contos, Psicanálise e Psicologia;R$ 46,00;
118;Contracomunicação;85-7480-207-7;Décio Pignatari;Comunicação, Semiótica, Ilustrado;R$ 53,00;
119;Conversações Noturnas & Outros Poemas, As;978-85-7480-363-0;José Laurenio de Melo;Literatura brasileira, Poesia;;
120;Coração, Cabeça e Estômago;978-85-7480-793-5;Camilo Castelo Branco;Ilustrado, Literatura portuguesa;R$ 45,50;
121;Coreografia do Desejo, A - Cem Anos de Ficção Brasileira;85-7480-033-3;Maria Angélica G. Lopes;Literatura brasileira, Crítica literária;R$ 56,00;
122;Cores de Rosa;978-85-7480-527-6;Adélia Bezerra de Meneses;Ilustrado, Literatura brasileira, Crítica literária, Semiótica, Psicanálise e Psicologia;R$ 65,00;
123;Corredores para Abutres;85-7480-175-5;Regina Silveira;Arte, Ilustração e pintura;R$ 31,00;
124;Corrupção (18 Contos);85-7480-141-0;Rodrigo Penteado;Literatura brasileira, Contos;R$ 53,00;
125;Cortiço, O;978-85-7480-579-5;Paulo Franchetti, Leila Guenther, Aluísio de Azevedo;Literatura brasileira, Romance, Ilustrado;R$ 47,80;
126;Coruja, O;978-65--5580-005-0;José de Paula Ramos Jr., Aluísio de Azevedo, Maria Schtine Viana, Kaio Romero;Ilustrado, Literatura brasileira, Romance, Literatura;R$ 58,00;
127;Cozinheiro Nacional: Melhores Receitas Brasileiras e Europeias;978-85-7480-231-2;Anônimo;Gastronomia, Culinária, História, Ilustrado;R$ 98,00;
128;Crítica e Criação - Um Estudo da Kreisleriana Op. 16 de Robert Schumann;978-85-7480-354-8;Mónica Vermes;Música, Crítica musical;R$ 56,00;
129;Crítica Literária Brasileira em Perspectiva, A;978-85-7480-660-0;Rogério Cordeiro, Andréa Sirihal Werkema, Claudia Campos Soares, Sérgio Alcides Pereira do Amaral;Literatura brasileira, Crítica literária, História;R$ 65,00;
130;Crônicas da Vida Boêmia;85-85851-66-X;Aluízio Falcão;Literatura brasileira, Crônicas;R$ 58,00;
131;Crônicas Efêmeras;85-86084-14-X;João do Rio;Memória, Literatura brasileira, Crônicas;R$ 53,00;
132;Criação e Conflito;978-85-7480-499-6;Celeste Ribeiro de Sousa;Crítica literária, Literatura estrangeira;R$ 56,00;
133;Crise em Crise - Notas sobre Poesia e Crítica;978-65-5580-023-4;Paulo Franchetti;Crítica literária, Literatura;R$ 65,00;
134;Cultura Literária Medieval, A;978-85-7480-340-1;Segismundo Spina;Idade média, Crítica literária, Literatura medieval, Cultura medieval;R$ 39,00;
135;Da Argila à Nuvem;978-85-7480-831-4;Yann Sordet;Artes gráficas, História, Livros sobre livros, Bibliofilia;R$ 44,00;
136;Dança de Shiva, A;978-85-7480-503-0;Ricardo Pires de Souza;Literatura brasileira, Poesia;R$ 27,00;
137;Dante - O Poeta do Absoluto;85-7480-009-0;Dante Alighieri, Hilário Franco Jr.;Biografia;R$ 32,00;
138;De Olho na Morte e Antes;978-85-7480-594-8;Fernando Fortes;Literatura brasileira, Poesia;R$ 94,00;
139;De Orfeu e de Perséfone - Morte e Literatura;978-85-7480-396-8;Lélia Parreira Duarte;Crítica literária, Literatura;R$ 00,00;
140;De Voos e Ilhas - Literatura e Comunitarismos;85-7480-168-2;Benjamin Abdala Jr.;Literatura brasileira, Crítica literária, Literatura portuguesa, Literatura africana;R$ 65,00;
141;Debaixo do Sol;978-85-7480-524-5;Eunice Arruda;Literatura brasileira, Poesia;R$ 40,00;
142;Descoberta do Frio, A;978-85-7480-708-9;Oswaldo de Camargo;Literatura brasileira, Romance;R$ 38,00;
143;Desenho Mágico - Poesia e Política em Chico Buarque;85-7480-001-5;Adélia Bezerra de Meneses;Crítica literária, Música, Poesia, Política, Ilustrado;R$ 68,00;
144;Design como Ele É, O;978-85-7480-338-8;Chico Homem de Melo, Eliana Tróia;Livros sobre livros, Design, Tipografia, Artes gráficas, Ilustrado;R$ 32,00;
145;Design da Escrita, O - Redigindo com Criatividade e Beleza, Inclusive Ficção;978-85-7480-387-6;Antônio Suárez Abreu;Design, Comunicação, Literatura, Criação, Escrita;R$ 45,00;
146;Deste Lugar;978-85-7480-595-5;Paulo Franchetti;Literatura brasileira, Poesia;R$ 39,00;
147;Deuses Chutam Lata na Consolação, Os;85-85851-21-X;Gilson Rampazzo;Literatura brasileira, Romance;R$ 46,00;
148;Dez Mitos sobre os Judeus - 2a. ed.;978-85-7480-843-7;Maria Luiza Tucci Carneiro;Ilustrado, Mitologia, História, Judaísmo;R$ 50,00;
149;Diana Caçadora & Tango Fantasma;85-7480-209-3;Márcia Denser;Literatura brasileira, Contos;R$ 45,00;
150;Dias Melhores... Pra Sempre!;85-7480-314-6;Cyro Leão, Luiz Chinan, Jadyr Pavão Jr.;Poesia, Literatura portuguesa, Ilustrado;R$ 36,00;
151;Diálogos Literários - Literatura, Comparativismo e Ensino;978-85-7480-416-3;Agnaldo Rodrigues da Silva;Crítica literária, Literatura;R$ 65,00;
152;Diálogos sobre a Tecnologia do Cinema Brasileiro;978-85-7480-360-9;Paulo B. C. Schettino;Memória, Cinema, Entrevistas;R$ 69,00;
153;Dicionário Grego-Português;978-65-5580-073-9;Daisi Malhadas, Maria Celeste C. Dezotti, Maria Helena de Moura Neves;Bilíngue, Dicionário;R$ 346,00;
154;Diderot - O Espírito das "Luzes";85-7480-030-9;Jacó Guinsburg;Biografia;R$ 32,00;
155;Dissipatio H.G. - O Fim do Gênero Humano;85-7480-049-X;Guido Morselli;Tradução, Romance, Literatura estrangeira;R$ 53,00;
156;Distopia;978-85-7480-506-1;Hélio Franchini Neto;Literatura brasileira, Romance;R$ 38,00;
157;Divina Comédia;978-65-5580-033-3;João Adolfo Hansen, Henrique Xavier, Sandro Botticelli, Dante Alighieri, João Trentino Ziller;Ilustrado, Arte, Ilustração e pintura, Poesia, Literatura estrangeira, Bilíngue, Literatura clássica, Tradução;R$ 520,00;
158;Do Formalismo Estético Trovadoresco;978-85-7480-442-2;Segismundo Spina;Idade média, Crítica literária, Literatura medieval, Estética, Cultura medieval;R$ 60,00;
159;Dom Casmurro;978-85-7480-399-9;Paulo Franchetti, Leila Guenther, Machado de Assis;Literatura brasileira, Romance, Ilustrado;R$ 48,00;
160;Domínios de Natureza no Brasil, Os - 8a ed.;978-65-5580-031-9;Aziz Ab Sáber;Ilustrado, Geografia;R$ 56,00;
161;Domínios de Natureza no Brasil, Os - Potencialidades Paisagísticas;978-85-7480-596-2;Aziz Ab Sáber;Geografia, Ecologia, Ilustrado;R$ 52,00;
162;Drummond - Da Rosa do Povo à Rosa das Trevas;85-7480-050-3;Vagner Camilo;Literatura brasileira, Crítica literária;R$ 80,00;
163;Duplo Canto e Outros Poemas;978-85-7480-547-4;François Cheng;Poesia, Literatura estrangeira, Bilíngue, Tradução;R$ 102,00;
164;E Fizerom Taes Maravilhas... - Histórias de Cavaleiros e Cavalarias;978-85-7480-629-7;Lênia Márcia Mongelli;Crítica literária, Literatura medieval, História, Idade média, Cultura medieval;R$ 95,00;
165;Eça de Queiroz. Uma Biografia;978-85-7480-673-0;A. Campos Matos;Literatura portuguesa, Crítica literária, Biografia, Ilustrado;R$ 128,00;
166;Economia da Cultura, A;978-85-7480-337-1;Françoise Benhamou;Tradução, Economia, Cultura;R$ 45,00;
167;Edgar Allan Poe - Um Homem em sua Sombra;85-7480-072-4;Ricardo Araújo;Crítica literária, Literatura estrangeira, Biografia;R$ 43,00;
168;Edição e Revolução: Leituras Comunistas no Brasil e na França;978-85-7480-661-7;Marisa Midori Deaecto, Jean-Yves Mollier;História, Livros sobre livros, Ilustrado;R$ 81,00;
169;Edifícios Comerciais - Felipe Bezerra;85-7480-272-7;Fernando Serapião;Arquitetura, Ilustrado;R$ 25,00;
170;Edifícios Escolares - Miguel Juliano;85-7480-145-3;Cristiane Corrêa;Arquitetura, Ilustrado;R$ 23,00;
171;Educação & Psicologia - Cinquenta Anos de Profissão;85-7480-250-6;Geraldina Porto Witter;Memória, Ilustrado;R$ 64,00;
172;Educação Sentimental em Proust;85-7480-128-3;Philippe Willemart;Crítica literária;R$ 53,00;
173;Educar para o Imponderável;978-65-5580-019-7;Luis Carlos de Menezes;Sociologia e Sociedade, Política, Educação e Pedagogia, Cidadania;R$ 60,00;
174;Edusp: Um Projeto Editorial;85-7480-089-9;Marcello Rollemberg, Plinio Martins Filho;Editoração, Ilustrado;R$ 99,80;
175;Eis o Mundo de Fora;978-85-7480-565-8;Adrienne Myrtes;Literatura brasileira, Romance;R$ 47,00;
176;Electra de Eurípides;978-85-7480-712-6;Trupersa - Trupe de Tradução de Teatro Antigo, Eurípides;Tradução, Teatro, Bilíngue, Cultura grega, Literatura clássica;R$ 53,00;
177;Electra(s);978-85-7480-779-9;Trajano Vieira;Tradução, Cultura grega, Teatro, Literatura clássica, Ilustrado;R$ 42,00;
178;Elegia Grega Arcaica - Uma Antologia;978-65-5580-043-2;Giuliana Ragusa, Rafael Brunhara;Poesia, Bilíngue, Literatura clássica, Cultura grega;R$ 95,00;
179;Elementos de Semiótica Tensiva;978-85-7480-572-6;Luiz Tatit, Ivã Carlos Lopes, Claude Zilberberg;Comunicação, Semiótica, Linguística;R$ 62,00;
180;Elos de Melodia e Letra - Análise Semiótica de Seis Canções;978-85-7480-403-3;Luiz Tatit, Ivã Carlos Lopes;Música, Semiótica;R$ 48,00;
181;Em Busca do Paraíso Perdido: As Utopias Medievais;978-65-5580-042-5;Hilário Franco Jr.;Ilustrado, Sociologia e Sociedade, Mitologia, História, Cultura medieval, Idade média;R$ 180,00;
182;Em Louvor de Anti-Heróis;85-7480-062-7;Victor Brombert;Tradução, Crítica literária, Literatura;R$ 60,00;
183;Em Nome do Corpo;85-7480-295-6;Iacopo Pontormo;Arte, Memória, Bilíngue, Ilustrado, Tradução;R$ 59,00;
184;Encanto de Narciso, O - Reflexões sobre a Fotografia;978-65-5580-012-8;Boris Kossoy;Arte, Fotografia;R$ 68,00;
185;Encontros e Des-encontros;85-7480-291-3;Maria Teresa Hellmeister Fornaciari;Literatura brasileira, Crônicas;R$ 38,00;
186;Encrenca;85-7480-135-6;Manoel Carlos Karam;Literatura brasileira, Romance;R$ 34,00;
187;Engenharia, Inovação e Desenv. Sustentável;978-65-5580-070-8;Gustavo Piqueira, José Roberto Castilho Piqueira, Laurindo de Salles Leal Filho;Ilustrado, Sociologia e Sociedade, Arquitetura, Ecologia, Urbanismo, Cidadania;R$ 60,00;
188;Engenhos da Sedução - O Hino Homérico a Afrodite;978-65-5580-081-4;Mary Lafer;Ilustrado, Bilíngue, Mitologia, Literatura clássica, Cultura grega;R$ 78,00;
189;Ensaiando a Canção - Paulinho da Viola e Outros Escritos;978-85-7480-537-5;Eliete Eça Negreiros;Música, Crítica musical;R$ 48,00;
190;Ensino de Ciências e Matemática - Formação e Atuação de Professores;978-85-7480-546-7;Geraldina Porto Witter, Moacir Wuo;Educação e Pedagogia;R$ 36,00;
191;Entreato Amoroso;978-85-7480-378-4;Aercio Consolin;Literatura brasileira, Romance;R$ 57,00;
192;Entreatos;978-85-7480-822-2;Gustavo Piqueira, Marcelo Castel Cid;Literatura brasileira, Romance, Religião;R$ 36,00;
193;Entrelivros;85-85851-71-6;João Alexandre Barbosa;Crítica literária, Literatura;R$ 48,00;
194;Entretanto n° 1 - Revista de Literatura;1980-8909;Marcelino Freire, Delmo Montenegro, Fabiano Calixto, Micheliny Verunschk, Raimundo Carrero;Crítica literária, Poesia, Contos, Crônicas, Literatura, Ilustrado;R$ 25,00;
195;Entrevistas de Domingo;978-85-7480-369-2;O Diário de Mogi;Memória, Jornalismo;R$ 150,00;
196;Epigramas 2. ed.;978-85-7480-840-6;Gustavo Piqueira, Marco Valério Marcial, Rodrigo Garcia Lopes;Humor, Poesia, Bilíngue, Tradução, Literatura clássica;R$ 55,00;
197;Era no Tempo do Rei - Atualidade das Memórias de um Sargento de Milícias;978-85-7480-748-5;Edu Teruki Otsuka;Crítica literária, Literatura, Teoria literária;R$ 56,00;
198;EraOdito;85-7480-094-5;Marcelino Freire;Humor, Literatura brasileira, Ilustrado;R$ 48,00;
199;Esaú e Jacó;978-65-5580-000-5;José de Paula Ramos Jr., Machado de Assis, Paulo Franchetti;Ilustrado, Literatura brasileira, Romance;R$ 48,80;
200;Escrita de Deus, A;85-7480-282-4;Wilson Roberto Theodoro Filho;Literatura brasileira, Contos;R$ 49,00;
201;Escritores, Gatos e Teologia;978-85-7480-674-7;Waldecy Tenório;Literatura brasileira, Crítica literária, Religião;R$ 54,00;
202;Esplendor do Barroco Luso-brasileiro;978-85-7480-700-3;Benedito Lima de Toledo;Ilustrado, Arte, Arquitetura;R$ 120,00;
203;Espuma do Fogo, A;85-7480-097-X;Carlos Nejar;Literatura brasileira, Poesia;R$ 38,00;
204;Estados da Crítica;85-7480-322-7;Alcides Cardoso dos Santos;Crítica literária, Literatura;R$ 54,00;
205;Estimar Canções;978-85-74-80-737-9;Luiz Tatit;Arte, Música, Semiótica;R$ 46,00;
206;Estrelas Errantes - Memória do Teatro Ídiche no Brasil;978-85-7480-648-8;Nachman Falbel;Ilustrado, Judaísmo, Memória, História, Teatro;R$ 140,00;
207;Estudos Comparados - Teoria, Crítica e Metodologia;978-85-7480-677-8;Benjamin Abdala Jr.;Literatura brasileira, Crítica literária;R$ 75,00;
208;Estudos de Literatura Brasileira e Portuguesa;978-85-7480-353-1;Paulo Franchetti;Literatura brasileira, Crítica literária, Literatura portuguesa;R$ 65,00;
209;Euclides da Cunha: Uma Odisseia nos Trópicos;978-85-7480-440-8;Frederic Amory;Crítica literária, Biografia, Ilustrado;R$ 108,00;
210;Eugênio Montale - Criatividade Poética e Psicanálise;85-7480-084-8;Marisa Pelella Mélega;Crítica literária, Poesia, Literatura estrangeira, Psicanálise e Psicologia;R$ 44,00;
211;Eugênio Onêguin - Volume 1;978-85-7480-825-3;Elena Vássina, Aleksandr Púchkin, Alípio Correia de Franca Neto;Ilustrado, Romance, Literatura estrangeira, Poesia, Bilíngue, Tradução;R$ 78,00;
212;Exílio - As Histórias da Grande Peste;978-85-7480-364-7;Samuel Reibscheid;Literatura brasileira, Contos;R$ 52,00;
213;Extravio Marinho;978-85-7480-500-9;Simone Homem de Mello;Literatura brasileira, Poesia;R$ 47,00;
214;Farsa de Inês Pereira;978-8-57-480681-5;Izeti Fragata Torralvo, Carlos Cortez Minchillo, Gil Vicente;Cultura medieval, Idade média, Literatura portuguesa, Literatura medieval, Teatro, Ilustrado;R$ 32,00;
215;Fascinação;978-85-7480-821-5;Luci Collin, Flavio de Souza;Ilustrado, Literatura brasileira, Romance, Literatura;R$ 49,90;
216;Fábulas para o Ano 2000;85-85851-61-9;Gustavo Martins, Rodrigo Lacerda;Literatura brasileira, Contos, Infantil, Ilustrado;R$ 38,00;
217;Fúria Azul - Antielegias;978-85-7480-593-1;Carlos Nejar;Literatura brasileira, Poesia;R$ 52,00;
218;Feito Eu;978-85-7480-342-5;Elisa Nazarian;Literatura brasileira, Poesia;R$ 41,00;
219;Ficção da Escrita, A;85-7480-228-X;Cláudia Amigo Pino;Crítica literária, Literatura, Criação;R$ 58,00;
220;Figurações do Oitocentos;978-85-7480-339-5;Paulo Motta Oliveira;Crítica literária, História, Teatro, Cultura, Estética;R$ 62,00;
221;Filho do Crucificado, O;85-7480-077-5;Nelson de Oliveira;Literatura brasileira, Contos;R$ 52,00;
222;Filosofando com o Miró;85-7480-004-X;Eduardo Etzel;Memória, Literatura brasileira;R$ 54,00;
223;Finnegans Wake - Finnicius Revém - Vol. Único;978-65-5580-069-2;James Joyce, Donaldo Schüler, Henrique Xavier;Literatura estrangeira, Literatura, Tradução;R$ 272,00;
224;Fluxo Silencioso das Máquinas, O;85-7480-087-2;Bruno Zeni;Literatura brasileira, Contos;R$ 38,00;
225;Fogos de Artifício: Flaubert e a Escritura;978-85-7480-454-5;Verónica Galíndez-Jorge;Crítica literária, Literatura estrangeira;R$ 51,00;
226;Forma do Livro, A - Ensaios sobre Tipografia e Estética do Livro;978-85-7480-361-6;Jan Tschichold;Tradução, Design, Tipografia, Editoração, Livros sobre livros, Artes gráficas, Ilustrado;R$ 93,00;
227;Fotografia & História;978-85-7480-683-9;Boris Kossoy;Memória, História, Fotografia, Ilustrado;R$ 52,00;
228;Fragmentos do Sol Chuvoso;978-85-7480-501-6;Lauro Henriques Jr.;Literatura brasileira, Poesia;R$ 43,00;
229;Franklin Távora e o seu Tempo;85-85851-47-3;Cláudio Aguiar;Biografia;R$ 40,00;
230;Frei Galvão - Arquiteto;978-85-7480-349-4;Benedito Lima de Toledo;Memória, Arquitetura, Patrimônio Histórico, Ilustrado;R$ 40,00;
231;Freud - A Conquista do Proibido;85-7480-010-4;Renato Mezan;Biografia;R$ 38,00;
232;Fronteiras Culturais - Brasil, Uruguai, Argentina;85-7480-122-4;Maria Helena Martins;Sociologia e Sociedade, Economia, Cultura;R$ 57,00;
233;Gérard de Nerval: A Escrita em Trânsito;978-85-7480-456-9;Marta Kawano;Crítica literária, Literatura estrangeira;R$ 53,00;
234;Gênero do Cuidado, O;9786-5558-002-41;Nadya Araujo Guimarães, Helena Sumiko Hirata;Sociologia e Sociedade, Cidadania;R$ 62,00;
235;Geórgicas;978-85-7480-838-3;Virgílio, Odorico Mendes, Paulo Sergio de Vasconcellos;Poesia, Bilíngue, Tradução, Literatura clássica, Odorico Mendes;R$ 98,00;
236;Gentíssima;978-85-7480-344-9;Maria Ignez Corrêa da Costa Barbosa;Memória, Entrevistas;R$ 59,00;
237;Geometrias de Cosmos;978-85-7480-828-4;Rodrigo Suzuki Cintra;Literatura, Poesia;R$ 49,50;
238;Gil Vicente - O Velho da Horta, Auto da Barca do Inferno, Farsa de Inês Pereira (40a ed.);978-85-7480-784-3;Segismundo Spina;Ilustrado, Literatura portuguesa, Literatura medieval, Teatro, Cultura medieval, Idade média;R$ 40,00;
239;Girassol Voltado para a Terra;978-85-7480-723-2;Renato Tardivo;Literatura brasileira, Contos, Ilustrado;R$ 44,00;
240;Goethe e Hackert - Sobre a Pintura de Paisagem;978-85-7480-262-6;Claudia Valladão de Mattos;Arte, Ilustração e pintura;R$ 44,00;
241;Graciliano na Terra de Camões;978-65-5580-018-0;Gustavo Piqueira, Thiago Mio Salla;Ilustrado, Literatura brasileira, Crítica literária, Literatura, Teoria literária;R$ 80,00;
242;Gramática Integral da Língua Portuguesa, 2a ed.;978-65-5580-057-9;Antônio Suárez Abreu;Comunicação, Escrita, Linguística;R$ 98,00;
243;Grito de Jorge Andrade, O - A Experiência de um Autor na Telenovela Brasileira dos Anos 1970;978-85-7480-655-6;Sabina Reggiani Anzuategui;Cultura, Televisão;R$ 47,00;
244;Guarani, O;978-65-5580-035-7;José de Alencar, Eduardo Vieira Martins, Luciana Rocha;Ilustrado, Literatura brasileira, Romance, Literatura;R$ 54,00;
245;Guimarães Rosa - Fronteiras, Margens, Passagens;85-7480-210-7;Marli Fantini Scarpelli;Literatura brasileira, Crítica literária;R$ 69,00;
246;Gustavo Giovannoni - Textos Escolhidos;978-85-7480-601-3;Beatriz Mugayar Kühl;Arquitetura, Restauração;R$ 53,00;
247;Hannah Arendt & Karl Marx - O Mundo do Trabalho;978-85-7480-790-4;Eugenia Sales Wagner;Política, Sociologia e Sociedade, Economia;R$ 57,00;
248;Hannah Arendt - Ética e Política;978-85-7480-705-8;Eugenia Sales Wagner;Política, Sociologia e Sociedade;R$ 67,00;
249;Herdando uma Biblioteca;978-65-5580-004-3;Miguel Sanches Neto;Crônicas, Livros sobre livros, Bibliofilia;R$ 51,00;
250;Hidra Vocal - Estudos sobre Retórica e Poética;978-65-5580-002-9;Maria do Socorro Fernandes de Carvalho, Marcelo Lachat, Lavínia Silvares;Crítica literária, Literatura, Poesia, Semântica;R$ 58,00;
251;Hino Homérico a Apolo, O;85-7480-091-0;Luiz Alberto Machado Cabral;Crítica literária, Poesia, Mitologia, Bilíngue, Ilustrado;R$ 82,00;
252;Hipóteses de Amor;85-7480-085-6;Annalisa Cima;Poesia, Literatura estrangeira, Bilíngue, Ilustrado, Tradução;R$ 83,00;
253;História da Língua Portuguesa;978-85-7480-398-2;-;Paleografia, História, Literatura, Linguística;R$ 105,00;
254;História das Aventuras de Joseph Andrews e seu Amigo o Senhor Abraham Adams, A;978-85-7480-532-0;Henry Fielding;Romance, Literatura estrangeira, Ilustrado, Tradução;R$ 116,00;
255;História de um Livro;978-65-5580-032-6;Marisa Midori Deaecto;Ilustrado, História, Política, Livros sobre livros, Bibliofilia;R$ 96,00;
256;História do PT (5a. ed.);978-85-7480-789-8;Lincoln Secco;Ilustrado, Política, História, Sociologia e Sociedade;R$ 49,00;
257;Histórias de Banheiro;978-85-7480-474-3;Dirce de Assis Cavalcanti;Literatura brasileira, Contos;R$ 45,00;
258;Histórias em Imagens e Versos - Wilhelm Busch;978-85-7480-771-3;Simone Homem de Mello, Guilherme de Almeida, Wilhelm Busch;Arte, Ilustração e pintura, Humor, Ilustrado, Artes gráficas, Bilíngue, Infantil, Tradução;R$ 82,00;
259;Hong Kong & Outros Poemas;85-85851-92-9;Antônio Moura;Literatura brasileira, Poesia;R$ 26,00;
260;Horizonte da Minha Pele, O;978-85-7480-549-8;Emilio Bejel;Tradução, Romance, Literatura estrangeira, Biografia;R$ 60,00;
261;Idade da Aurora, A;85-7480-150-X;Carlos Nejar;Literatura brasileira, Poesia;R$ 83,00;
262;Idade da Noite, A;85-7480-120-8;Carlos Nejar;Literatura brasileira, Poesia;R$ 87,00;
263;Idade Média no Cinema, A;978-85-7480-421-7;José Rivair Macedo, Lênia Márcia Mongelli;História, Cinema, Idade média, Cultura medieval;R$ 54,00;
264;Idiotas & Demagogos - Pequeno Manual de Instruções da Democracia;85-7480-121-6;Almyr Gajardoni;Política, Sociologia e Sociedade;R$ 52,00;
265;Ilhas Brasil;85-7480-124-0;Carlos Vogt;Literatura brasileira, Poesia;R$ 52,00;
266;Ilustre Casa de Ramires, A;978-85-7480-685-3;Marise Hansen, Eça de Queirós;Romance, Literatura portuguesa, Ilustrado;R$ 49,80;
267;Imagem Fria, A;85-7480-149-6;Tales Ab'Sáber;Cinema, Cultura;R$ 54,00;
268;Imagens do Poder em Sêneca;85-7480-310-3;Marilena Vizentin;Política, Sociologia e Sociedade, Economia;R$ 58,00;
269;Imigrantes Judeus do Oriente Médio - São Paulo e Rio de Janeiro;85-7480-162-3;Rachel Mizrahi;História, Judaísmo, Ilustrado;R$ 120,00;
270;Imigrantes, Mascates e Doutores;85-7480-107-0;Meir Kucinski;Ilustrado, Literatura brasileira, Contos, Judaísmo, Tradução;R$ 54,00;
271;Imprensa Confiscada pelo DEOPS - 1924-1954, A;85-7480-152-6;Maria Luiza Tucci Carneiro, Boris Kossoy;Política, Livros sobre livros, Memória, História, Censura, Jornalismo, Ilustrado;R$ 116,00;
272;Informação. Linguagem. Comunicação;978-85-7480-647-1;Décio Pignatari;Comunicação, Semiótica, Ilustrado;R$ 45,00;
273;Iniciação Boêmia & Textos Correlatos;978-85-7480-505-4;Nuno Fidelino de Figueiredo, Fidelino de Figueiredo;Memória, Crítica literária, História;R$ 49,00;
274;Inocência;978-85-7480-832-1;José de Paula Ramos Jr., Visconde de Taunay, Jefferson Cano, Kaio Romero;Ilustrado, Literatura brasileira, Romance;R$ 45,00;
275;Insólita Metrópole: São Paulo nas Crônicas de Paulo Bomfim;978-85-7480-636-5;Ana Luiza Martins;Literatura brasileira, Crônicas, História;R$ 84,00;
276;Intelecto em Ibn Sina (Avicena), O;978-85-7480-382-1;Miguel Attie Filho;Filosofia, Cultura árabe;R$ 65,00;
277;Interior Via Satélite;978-85-7480-470-5;Marcos Siscar;Literatura brasileira, Poesia, Ilustrado;R$ 58,00;
278;Interpretações: Crítica Literária e Psicanálise;978-85-7480-670-9;Cleusa Rios P. Passos, Yudith Rosenbaum;Crítica literária, Psicanálise e Psicologia;R$ 48,00;
279;Intervalo Semântico, O;978-85-7480-253-4;Carlos Vogt;Semântica, Argumentação, Linguística;R$ 58,00;
280;Intransitivos, Os;85-7480-146-1;Cacá Moreira de Souza;Literatura brasileira, Contos;R$ 59,00;
281;Introdução ao Estudo de Fernando Pessoa;978-85-7480-753-9;Fernando Cabral Martins;Crítica literária, Poesia, Literatura portuguesa, História;R$ 57,00;
282;Inula Niúla;978-85-7480-444-6;Michel Sleiman;Literatura brasileira, Poesia;R$ 43,00;
283;Iracema - Lenda do Ceará;85-7480-324-3;Paulo Franchetti, Leila Guenther, José de Alencar;Literatura brasileira, Romance, Ilustrado;R$ 45,50;
284;Irrecusável Busca de Sentido, A;85-7480-258-1;Scarlett Marton;Memória, Biografia, Filosofia;R$ 52,00;
285;Jacques Derrida - Entreatos de Leitura e Literatura-;978-85-7480-663-1;Roberto Said, Luiz Fernando Ferreira Sá;Crítica literária, Literatura estrangeira, Filosofia;R$ 57,00;
286;João Guimarães Rosa e a Saudade;85-7480-129-1;Susana Lages;Literatura brasileira, Crítica literária;R$ 42,00;
287;Jogo de Palavras;978-85-7480-783-6;Jacó Guinsburg;Poesia;R$ 58,00;
288;Jogo de Ronda;85-7480-026-0;Orlando Arruda;Literatura brasileira, Contos;R$ 52,00;
289;Jornada e a Clausura, A;85-7480-110-0;Raquel de Almeida Prado;Crítica literária, Literatura estrangeira;R$ 58,00;
290;José Saramago - 6 de Novembro de 1985;978-65-5580-040-1;Horácio Costa;Literatura portuguesa, Entrevistas;R$ 45,00;
291;Joyce Era Louco?;978-85-7480-764-5;Donaldo Schüler;Crítica literária, Psicanálise e Psicologia;R$ 55,00;
292;Judeus e Judaísmo na Obra de Lasar Segall;85-7480-259-X;Maria Luiza Tucci Carneiro, Celso Lafer;Ilustrado, Arte, Ilustração e pintura, Sociologia e Sociedade, Judaísmo;R$ 148,00;
293;Kalevala - Poema Primeiro;978-85-7480-714-0;Elias Lönnrot;Tradução, Mitologia, Poesia, Literatura estrangeira, Bilíngue;R$ 39,00;
294;Konstantinos Kaváfis - 60 Poemas;978-85-7480-780-5;Trajano Vieira, Konstantinos Kaváfis;Poesia, Literatura estrangeira, Bilíngue, Tradução;R$ 46,00;
295;L'azur Blasé ou Ensaio do Fracasso sobre o Humor;978-85-7480-738-6;Guilherme Gontijo Flores;Poesia;R$ 44,90;
296;Lacraus;85-7480-204-2;Miguel Jorge;Literatura brasileira, Contos;R$ 57,00;
297;Laetitia, sp;978-85-7480-545-0;Gabriel Pedrosa;Literatura brasileira, Poesia, Ilustrado;R$ 39,00;
298;Lâmina do Tempo;85-7480-113-5;Moacyr Godoy Moreira;Literatura brasileira, Contos;R$ 45,00;
299;Lâmpada da Memória, A - 3. ed.;978-65-5580-050-0;John Ruskin;Tradução, Arquitetura, Restauração;R$ 42,00;
300;Leão, o Africano;978-85-7480-759-1;Murilo Sebe Bon Meihy;Ilustrado, História, Cultura islâmica, Cultura árabe;R$ 56,00;
301;Lei n. 12.343 de 2 de Dezembro de 2010;978-85-7480-652-5;-;Política, Economia, Cultura;R$ 38,00;
302;Leitor Segundo G.H., O - Uma Análise do Romance A Paixão Segundo G.H. de Clarice Lispector;85-7480-257-3;Emília Amaral;Literatura brasileira, Crítica literária;R$ 58,00;
303;Leituras Desarquivadas;978-85-7480-371-5;João Alexandre Barbosa;Crítica literária, Literatura;R$ 59,00;
304;Leituras Imediatas;978-85-7480-834-5;Jerusa Pires Ferreira;Ilustrado, Literatura brasileira, Comunicação, Crítica literária, Cordel;R$ 42,00;
305;Leituras Indispensáveis 2;978-85-7480-473-6;Aziz Ab Sáber;Educação e Pedagogia, Ecologia, Sociologia e Sociedade, Cidadania;R$ 23,00;
306;Lembranças de Esquecer;85-85851-42-2;Camilo Guimarães;Literatura brasileira, Poesia;R$ 38,00;
307;Leniza & Elis;85-7480-092-9;Ariovaldo José Vidal, Joaquim Alves de Aguiar;Crítica literária, Biografia;R$ 47,00;
308;Leopardo dos Olhos de Fogo;85-85851-69-4;Carlos Eugênio Marcondes de Moura;Ilustrado, Sociologia e Sociedade, Religião, Cultura;R$ 60,00;
309;Letras e Memória - Uma Breve História da Escrita;978-85-7480-414-9;Adovaldo Fernandes Sampaio;Livros sobre livros, Memória, História, Linguística, Escrita, Ilustrado;R$ 108,00;
310;Letras na Terra do Brasil, As;978-65-5580-062-3;Jean Pierre Chauvin, Marcelo Lachat;Ilustrado, Literatura brasileira, História, Filosofia, Estudos Literários;R$ 92,00;
311;Lição Aproveitada, A - Modernismo e Cinema em Mário de Andrade;978-85-7480-556-6;João Manuel dos Santos Cunha;Arte, Crítica literária, Cinema;R$ 55,00;
312;Lições de Taxidermia;978-85-7480-445-3;Fernando Antônio Dusi Rocha;Literatura brasileira, Poesia;R$ 45,00;
313;Lições do Acaso;978-85-7480-468-2;Luis Carlos de Menezes;Literatura brasileira, Poesia;R$ 45,00;
314;Liberalismo e Natureza - A Propriedade em John Locke;978-85-7480-476-7;Rodrigo Suzuki Cintra;Economia, Filosofia, Direito;R$ 45,00;
315;Linguística Cognitiva - Uma Visão Geral e Aplicada;978-85-7480-526-9;Antônio Suárez Abreu;Comunicação, Semiótica, Linguística, Cognição;R$ 45,00;
316;Lira dos Vinte Anos;978-85-7480-675-4;Álvares de Azevedo, José Emílio Major Neto;Literatura brasileira, Poesia, Ilustrado;R$ 48,80;
317;Literatulogia;85-85851-55-4;Janilto Andrade;Teoria literária, Literatura;R$ 26,00;
318;Literatura Comparada e Relações Comunitárias, Hoje;978-85-7480-627-3;Benjamin Abdala Jr.;Política, Literatura;R$ 60,00;
319;Literatura e Memória Política - Angola. Brasil. Moçambique. Portugal;978-85-7480-680-8;Benjamin Abdala Jr., Rejane Vecchia Rocha e Silva;Crítica literária, Literatura portuguesa, Política;R$ 63,00;
320;Literatura Grega: Irradiações;978-85-7480-800-0;Donaldo Schüler;História, Literatura clássica, Filosofia, Cultura grega;R$ 57,00;
321;Literatura, História e Política (3a. ed.);978-85-7480-769-0;Benjamin Abdala Jr.;Crítica literária, Literatura, História, Política;R$ 65,00;
322;Livro - Revista do NELE;2179-801X;NELE - Núcleo de Estudos do Livro e da Edição/USP;Editoração, Livros sobre livros, Bibliofilia, Artes gráficas;R$ 33,00;
323;Livro - Revista do NELE 09/10;9772179801092;NELE - Núcleo de Estudos do Livro e da Edição/USP;Ilustrado, Artes gráficas, Editoração, Livros sobre livros, Bibliofilia;R$ 124,00;
324;Livro 7/8 - revista do NELE;2179-801x;NELE - Núcleo de Estudos do Livro e da Edição/USP;Ilustrado, Artes gráficas, Editoração, Livros sobre livros, Bibliofilia;R$ 88,00;
325;Livro das Origens, O;978-65-5580-025-8;Geraldo Holanda Cavalcanti;Crítica literária, Teoria literária, Religião;R$ 85,00;
326;Livro e Liberdade;85-7480-178-X;Luciano Canfora;Editoração, Livros sobre livros, Cultura;R$ 31,00;
327;Livro n. 6 - Revista do NELE;2179-801x;NELE - Núcleo de Estudos do Livro e da Edição/USP;Ilustrado, Artes gráficas, Editoração, Livros sobre livros, Livrarias;R$ 88,00;
328;Livro n.3 - Revista do NELE;2179-801X;NELE - Núcleo de Estudos do Livro e da Edição/USP;Editoração, Livros sobre livros, Bibliofilia, Artes gráficas;R$ 53,00;
329;Livro n.4 - Revista do NELE;2179-801X;NELE - Núcleo de Estudos do Livro e da Edição/USP;Editoração, Livros sobre livros, Bibliofilia, Artes gráficas;R$ 55,00;
330;Livro n.5 - Revista do NELE;977-21-7980-100-9;NELE - Núcleo de Estudos do Livro e da Edição/USP;Artes gráficas, Editoração, Livros sobre livros, Bibliofilia;R$ 77,00;
331;Livro no Jornal, O;85-7480-082-1;Isabel Travancas;Editoração, Jornalismo, Livros sobre livros, Ilustrado;R$ 46,00;
332;Livros e Leituras na Espanha do Século de Ouro;978-85-7480-694-5;Antonio Castillo Gómez;Editoração, História, Livros sobre livros;R$ 56,00;
333;Livros e Subversão - Seis Estudos;978-85-7480-743-0;Sandra Reimão;Comunicação, História, Política, Livros sobre livros;R$ 52,00;
334;Livros Proibidos, Ideias Malditas;85-7480-071-6;Maria Luiza Tucci Carneiro;Ilustrado, Política, História, Censura, Livros sobre livros;R$ 60,00;
335;Livros, Editoras & Projetos;978-85-7480-356-2;Jerusa Pires Ferreira, Jacó Guinsburg, Plinio Martins Filho, Maria Otilia Bocchini;Livros sobre livros, Editoração;R$ 30,00;
336;Lodo;978-85-7480-436-1;Luis Dolhnikoff;Literatura brasileira, Poesia;R$ 62,00;
337;Luci Collin - Antologia Poética (1984-2018);978-85-7480-796-6;Luci Collin;Poesia;R$ 39,90;
338;Lugar, Tempo, Olhar - Arte Brasileira na França Românica;978-85-7480-439-2;Anne Louyot;Ilustrado, Arte, Ilustração e pintura, Arquitetura, Bilíngue;R$ 75,00;
339;Lusíadas, Os - Episódios;978-85-7480-802-4;Luís de Camões, Ivan Teixeira;Poesia, Literatura portuguesa, Ilustrado;R$ 46,50;
340;Machado e Rosa - Leituras Críticas;978-85-7480-508-5;Marli Fantini Scarpelli;Literatura brasileira, Crítica literária;R$ 89,00;
341;Macunaíma;978-85-7480-750-8;Mário de Andrade;Arte, Ilustrado, Literatura brasileira, Romance, Artes gráficas, Literatura;R$ 310,00;
342;Maias, Os;85-7480-044-9;Eça de Queirós;Romance, Literatura portuguesa;R$ 83,00;
343;Males do Tabaco e Outras Peças em um Ato, Os;85-7480-042-2;Anton Tchékhov;Literatura estrangeira, Teatro, Tradução;R$ 34,00;
344;Males do Tabaco, Os (3a. ed.);978-85-7480-842-0;Anton Tchékhov;Humor, Literatura estrangeira, Tradução, Teatro, Literatura clássica;R$ 46,00;
345;Malhas da Cultura 1, As;978-85-7480-650-1;José Guilherme Pereira Leite;Política, Economia, Cultura;R$ 47,00;
346;Malhas da Cultura 2, As;978-85-7480-651-8;José Guilherme Pereira Leite;Política, Economia, Cultura;R$ 56,00;
347;Manuais de Desenho da Escrita, Os;978-85-7480-518-4;Maria Helena Werneck Bomeny;Livros sobre livros, Design, Tipografia, Ilustrado;R$ 210,00;
348;Manual de Versificação Românica Medieval;85-7480-159-3;Segismundo Spina;Idade média, Crítica literária, Poesia, Literatura medieval;R$ 48,00;
349;Manual do Estilo Desconfiado;978-85-7480-774-4;Fernando Paixão;Literatura brasileira, Crítica literária, Teoria literária, Escrita;R$ 38,00;
350;Manuel Bandeira e a Música - com Três Poemas Visitados;978-85-7480-386-9;Pedro Marques;Música, Literatura brasileira, Crítica literária;R$ 44,00;
351;Marca do Leviatã, A - Linguagem e Poder em Hobbes;85-7480-116-X;Renato Janine Ribeiro;Política, Filosofia;R$ 42,00;
352;Mariannita Luzzati;978-85-7480-447-7;Gabriel Pérez Barreiro;Arte, Ilustração e pintura;R$ 45,00;
353;Marx, Zola e a Prosa Realista;978-85-7480-453-8;Salete de Almeida Cara;Crítica literária, Literatura estrangeira, Sociologia e Sociedade;R$ 55,00;
354;MASSAO OHNO, Editor;978-85-7480-839-0;Jose Armando Pereira da Silva, Massao Ohno;Ilustrado, Design, Artes gráficas, História, Biografia, Editoração, Livros sobre livros;R$ 180,00;
355;Matéria Lítica: Drummond, Cabral, Neruda e Paz;978-85-7480-726-3;Mario Higa;Crítica literária, Literatura, Poesia;R$ 60,00;
356;Matinas & Bagatelas;85-7480-144-5;Maria do Carmo Campos;Literatura brasileira, Poesia;R$ 54,00;
357;Matrizes Impressas do Oral: Conto Russo no Sertão;978-85-7480-676-1;Jerusa Pires Ferreira;Ilustrado, Livros sobre livros, Teoria literária, História, Literatura, Cordel;R$ 68,00;
358;Matzá com Moussaká - Histórias de Judeus e Gregos;978-85-7480-351-7;Táki Athanássios Cordás;Memória, História, Judaísmo, Cultura grega, Ilustrado;R$ 58,00;
359;Máquina Peluda, A;85-85851-34-1;Ademir Assunção;Literatura brasileira, Contos;R$ 46,00;
360;Mário, Otávio - Cartas de Mário de Andrade a Otávio Dias Leite;85-7060-464-5;Marcos Antonio de Moraes;Memória, Cultura;R$ 51,00;
361;Mão do Deserto, A;978-65-5580-041-8;Paulo Franchetti;Memória, Literatura;R$ 51,00;
362;Música do Parnaso;85-7480-312-X;Manuel Botelho de Oliveira, Ivan Teixeira;Crítica literária, Poesia, Literatura portuguesa, Fac-símile;R$ 115,00;
363;Medeia;978-85-7480-658-7;Trupersa - Trupe de Tradução de Teatro Antigo, Eurípides;Literatura clássica, Teatro, Bilíngue, Cultura grega, Tradução;R$ 42,00;
364;Medicina de Os Lusíadas, A;85-7480-203-4;Pedro Nava;Crítica literária, Medicina e Saúde, Literatura portuguesa;R$ 42,00;
365;Melancolias, Mercadorias: Dorival Caymmi, Chico Buarque, o Pregão de Rua e a Canção Popular-Comercial no Brasil;978-85-7480-502-3;Walter Garcia;Música, Crítica musical;R$ 62,00;
366;Memória Futura;978-85-7480-519-1;Paulo Franchetti;Literatura brasileira, Poesia;R$ 35,00;
367;Memórias Biográficas de Pintores Extraordinários;85-7480-041-4;William Beckford;Arte, Memória;R$ 40,00;
368;Memórias de um Sargento de Milícias;978-85-7480-728-7;Mamede Mustafa Jarouche, Manuel Antônio de Almeida;Literatura brasileira, Romance, Ilustrado;R$ 49,00;
369;Memórias Póstumas de Brás Cubas;978-85-7480-598-6;Antonio Medina Rodrigues, Machado de Assis;Literatura brasileira, Romance, Ilustrado;R$ 45,00;
370;Memorial de Mogi das Cruzes;85-7480-101-1;José Sebastião Witter;Literatura brasileira, Crônicas;R$ 58,00;
371;Memorial de um Herege;85-7480-018-X;Samuel Reibscheid;Literatura brasileira, Romance;R$ 54,00;
372;Mensagem;978-85-7480-702-7;António Apolinário Lourenço, Kaio Romero, Fernando Pessoa;Poesia, Literatura portuguesa, Ilustrado;R$ 45,00;
373;Meu Fausto (Esboços);978-85-7480-542-9;Paul Valéry;Literatura estrangeira, Teatro, Tradução;R$ 55,00;
374;Milton Hatoum - Itinerário para um Certo Relato;85-7480-315-4;Marleine Paula Marcondes e Ferreira de Toledo;Literatura brasileira, Crítica literária;R$ 52,00;
375;Mistério do Leão Rampante, O;85-7480-302-2;Rodrigo Lacerda;Humor, Literatura brasileira, Romance, Ilustrado;R$ 98,00;
376;Mistérios do Dicionário;85-7480-252-2;João Alexandre Barbosa;Crítica literária, Literatura;R$ 60,00;
377;Modernidade entre Tapumes, A;978-65-5580-008-1;Vagner Camilo;Crítica literária, Literatura, Poesia, Teoria literária;R$ 112,00;
378;Modernização pelo Avesso - Impasses da Representação Literária em Os Contos de Belazarte, de Mário de Andrade;978-85-7480-697-6;Wilson José Flores Jr.;Literatura brasileira, Crítica literária, Estudos Literários;R$ 52,00;
379;Modos de Leitura - Crítica e Tradução;978-65-5580-047-0;Gustavo Piqueira, Mario Higa;Crítica literária;R$ 62,00;
380;Modos de Morar nos Apartamentos Duplex;978-65-5580-044-9;Sabrina Fontenele;Ilustrado, Sociologia e Sociedade, Arquitetura, Urbanismo;R$ 95,00;
381;Moeda da Arte, A - A Dinâmica dos Campos Artístico e Econômico no Patrocínio;978-85-7480-653-2;Eduardo Fragoaz;Política, Economia, Cultura;R$ 71,00;
382;Moleque de Fábrica - Uma Arqueologia da Memória Social;978-85-7480-788-1;José de Souza Martins;Memória, Ilustrado, Sociologia e Sociedade, Política;R$ 82,00;
383;Morte aos Papagaios;85-7480-265-4;Gustavo Piqueira;Literatura brasileira, Design, Crônicas, Ilustrado;R$ 69,00;
384;Muita Sorte  Pouco Juízo;85-7480-106-2;José Roberto de Alencar;Memória, Jornalismo, Ilustrado;R$ 44,00;
385;Mulher no Escuro, A;978-85-7480-326-5;Cláudia Vasconcellos;Literatura brasileira, Contos, Teatro;R$ 52,00;
386;Mulheres de Passagem;978-85-7480-733-1;M. A. Amaral Rezende;Literatura, Contos;R$ 49,00;
387;Museu da Infância Eterna;978-65-5580-006-7;Miguel Sanches Neto;Memória, Literatura brasileira, Crônicas;R$ 40,00;
388;Na Conquista do Brasil;85-7480-053-8;Donaldo Schüler;Literatura brasileira, Crítica literária;R$ 57,00;
389;Na Madrugada das Formas Poéticas;85-7480-054-6;Segismundo Spina;Idade média, Crítica literária, Poesia, Literatura medieval;R$ 36,00;
390;Na Senda das Noites: Os Quatro Talismãs de Charles Nodier e Les mille et une nuits;978-85-7480-472-9;Christiane Damien;Crítica literária, Literatura estrangeira, Cultura árabe;R$ 56,00;
391;Nações Literárias;978-85-7480-504-7;Wander Melo Miranda;Crítica literária;R$ 57,00;
392;Narciso em Sacrifício - A Poética de Mário de Sá-Carneiro;85-7480-191-7;Fernando Paixão;Crítica literária, Literatura portuguesa;R$ 53,00;
393;Nas Águas do Mesmo Rio;85-7480-311-1;Giselda Leirner;Literatura brasileira, Romance;R$ 41,00;
394;Nas Tramas da Ficção - História, Literatura e Leitura;978-85-7480-408-8;Clóvis Gruner, Cláudio DeNipoti;Crítica literária, Literatura;R$ 62,00;
395;Nós e as Palavras;978-85-7480-812-3;Luís Bueno;Crítica literária, Literatura, Teoria literária;R$ 69,00;
396;Nebulosa, A;978-85-7480-782-9;Joaquim Manuel de Macedo, Kaio Romero;Ilustrado, Literatura brasileira, Poesia;R$ 43,00;
397;Neguinho;978-85-7480-433-0;Guga Stroeter;Literatura brasileira, Romance, Ilustrado;R$ 51,00;
398;No Fim das Terras;85-7480-260-3;Milton Torres;Literatura brasileira, Poesia;R$ 81,00;
399;No Limiar da Noite;978-65-5580-038-8;José de Souza Martins;Poesia, Crônicas;R$ 38,00;
400;No Rastro de Afrodite - Plantas Afrodisíacas e Culinária;85-7480-232-8;Gil Felippe;Ilustrado, Gastronomia, Culinária, Botânica;R$ 98,00;
401;Nome do Cuidado, O;978-85-7480-452-1;Leo Lama, Paulo Hersch Rosenbaum;Medicina e Saúde, Cinema, Ilustrado;R$ 41,00;
402;Normas Gerais para os Trabalhos de Grau;85-7480-108-9;Segismundo Spina;Comunicação, Escrita, Produção acadêmica;R$ 34,00;
403;Notícia Histórica da Vida e das Obras de José Haydn;85-7480-180-1;J. Le Breton;Tradução, Música, Memória;R$ 38,00;
404;Novas Tecnologias - EGC Arquitetura;85-7480-220-4;Renato Schroeder;Arquitetura, Ilustrado;R$ 25,00;
405;Nove Degraus para o Esquecimento;978-85-7480-761-4;Aguinaldo Gonçalves;Ilustrado, Literatura brasileira, Poesia;R$ 82,00;
406;Novelas, Espelhos e um Pouco de Choro;85-7480-052-X;Thelma Guedes;Literatura brasileira, Contos;R$ 59,00;
407;Noviço, O;978-85-7480-707-2;José de Paula Ramos Jr., Martins Pena;Literatura brasileira, Teatro, Ilustrado;R$ 32,00;
408;Novos Poemas;978-85-7480-747-8;Carlos Vogt;Literatura, Poesia;R$ 66,00;
409;O Azul e o Mar;978-85-7480-824-6;Paul Valéry, Eduardo de Campos Valadares;Literatura estrangeira, Poesia, Bilíngue, Tradução;R$ 56,00;
410;O Hóspede;978-85-7480-798-0;Mario Higa;Literatura brasileira, Contos;R$ 44,00;
411;O Língua;978-85-7480-818-5;Eromar Bomfim;Romance, Literatura;R$ 58,00;
412;O Pai - 6a edição;978-85-7480-826-0;Dirce de Assis Cavalcanti;Memória, Ilustrado, História, Biografia;R$ 52,00;
413;O Que Aconteceu, Aconteceu;85-7480-023-6;Jacó Guinsburg;Judaísmo, Literatura brasileira, Contos;R$ 53,00;
414;O Que É Comunicação Poética;978-85-7480-561-0;Décio Pignatari;Comunicação, Poesia, Ilustrado;R$ 36,00;
415;O Que É Um Livro?;978-85-7480-830-7;João Adolfo Hansen;História, Editoração, Livros sobre livros, Bibliofilia;R$ 38,00;
416;O Um;85-85851-41-4;Bruno Verner;Literatura brasileira, Poesia;R$ 53,00;
417;Obras Poéticas de Alvarenga Peixoto;978-65-5580-022-7;Caio Cesar Esteves de Souza, Alvarenga Peixoto;Literatura brasileira, Poesia;R$ 88,00;
418;Octávio Brandão e as Matrizes Intelectuais do Marxismo no Brasil;978-85-7480-816-1;Felipe Castilho de Lacerda;Ilustrado, Sociologia e Sociedade, História, Política;R$ 54,00;
419;Olga Savary - Erotismo e Paixão;978-85-7480-424-8;Marleine Paula Marcondes e Ferreira de Toledo;Literatura brasileira, Crítica literária, Poesia;R$ 58,00;
420;Olhares Desatentos;978-85-7480-347-0;Sérgio Sesiki;Literatura brasileira, Poesia, Contos, Crônicas, Cultura, Ilustrado;R$ 42,00;
421;Olhares Plausíveis;978-85-7480-435-4;Gregório Bacic;Literatura brasileira, Contos;R$ 32,00;
422;Olho Vesgo, O;85-7480-080-5;Tiago Mussi;Literatura brasileira, Contos;R$ 35,00;
423;Orações Insubordinadas;978-85-7480-431-6;Carlos Castelo;Humor, Literatura brasileira, Aforismos, Ilustrado;R$ 66,00;
424;Orestes;978-85-7480-766-9;Eurípides, Trupersa - Trupe de Tradução de Teatro Antigo;Bilíngue, Tradução, Teatro, Literatura clássica, Cultura grega;R$ 56,00;
425;Orlando Furioso - Tomo I;978-85-7480-529-0;Ludovico Ariosto;Cultura medieval, Idade média, Poesia, Bilíngue, Literatura clássica, Ilustrado, Tradução;R$ 138,00;
426;Os Evangelhos - Uma Tradução;978-65-5580-011-1;Marcelo Musa Cavallari;Bilíngue, Tradução, Literatura clássica, Religião;R$ 147,00;
427;Os Maias - 3a. ed.;978-65-5580-029-6;Eça de Queirós;Romance, Literatura portuguesa;R$ 83,00;
428;Os Sertões (6a. ed.);978-65-5580-077-7;Euclides da Cunha, Leopoldo Bernucci, Enio Squeff;Ilustrado, Literatura brasileira, Romance, História;R$ 280,00;
429;Otelo Brasileiro de Machado de Assis, O - 3a. ed.;978-65-5580-028-9;Helen Caldwell;Tradução, Literatura brasileira, Crítica literária;R$ 60,00;
430;Outra Guerra do Fim do Mundo, A;978-85-7480-667-9;Osvaldo Coggiola;Política, História, Sociologia e Sociedade, Ilustrado;R$ 58,00;
431;Outra Língua;978-85-7480-374-6;Henryk Siewierski;Literatura brasileira, Poesia;R$ 36,00;
432;Outro Lado do Vento, O;978-85-7480-528-3;Wassily Chuck;Literatura brasileira, Poesia;R$ 52,00;
433;Ouvir o Som;85-7480-268-9;Paulo Zuben;Música;R$ 56,00;
434;País em Branco;978-85-7480-375-3;Ricardo Rizzo;Literatura brasileira, Poesia;R$ 36,00;
435;Pagu - Literatura e Revolução;85-7480-169-0;Thelma Guedes;Literatura brasileira, Crítica literária, Biografia;R$ 53,00;
436;Pai de Max Bauer e Outros Contos, O;978-85-7480-568-9;Marcos Rodrigues;Literatura brasileira, Contos, Ilustrado;R$ 42,00;
437;Paixão & Poesia;978-65-5580-066-1;Adélia Bezerra de Meneses;Ilustrado, Crítica literária, Literatura, Estudos Literários;R$ 73,00;
438;Palavra e Rosto;978-85-7480-450-7;Fernando Paixão;Literatura brasileira, Poesia, Ilustrado;R$ 63,00;
439;Palavra e Sombra - Ensaios de Crítica;978-85-7480-467-5;Arthur Nestrovski;Literatura brasileira, Crítica literária, Literatura estrangeira;R$ 46,00;
440;Palmeirim de Inglaterra;978-85-7480-735-5;Lênia Márcia Mongelli, Francisco de Moraes;Ilustrado, Romance, Literatura, Literatura portuguesa, Literatura medieval, Cultura medieval, Idade média;R$ 199,00;
441;Papel-Jornal - Artigos de Jornalismo Cultural;85-7480-025-2;Marcello Rollemberg;Jornalismo, Cultura;R$ 36,00;
442;Paradeiro;978-85-7480-819-2;Luís Bueno;Romance, Literatura;R$ 57,00;
443;Paratextos Editoriais;978-85-7480-458-3;Gérard Genette;Design, Artes gráficas, Tradução, Editoração, Livros sobre livros;R$ 91,00;
444;Parsona;978-85-7480-757-7;Adriano Scandolara;Poesia;R$ 44,90;
445;Parte da Tarde, A;85-7480-306-5;Fernando Paixão;Literatura brasileira, Poesia, Ilustrado;R$ 59,00;
446;Pas de Politique Mariô! Mario Pedrosa e a Política;978-85-7480-768-3;Dainis Karepovs;Ilustrado, História, Política;R$ 61,00;
447;Passos da Semiótica Tensiva;978-85-7480-844-4;Luiz Tatit;Comunicação, Semiótica, Linguística;R$ 49,00;
448;Pastorinhas de Pirenópolis-GO, As;978-85-7480-672-3;Lênia Márcia Mongelli, Neide Rodrigues Gomes;Ilustrado, História, Religião, Teatro, Cultura;R$ 78,00;
449;Paulinho da Viola e o Elogio do Amor;978-85-7480-745-4;Eliete Eça Negreiros;Música, Crítica musical;R$ 48,00;
450;Périplos;85-7480-277-8;Simone Homem de Mello;Literatura brasileira, Poesia;R$ 52,00;
451;Pedras Pensadas;85-7480-143-7;Adolfo Montejo Navas;Poesia, Literatura estrangeira, Bilíngue, Aforismos;R$ 58,00;
452;Pedro Nava e a Construção do Texto;85-7480-202-6;Edina Panichi, Miguel Luiz Contani;Literatura brasileira, Crítica literária;R$ 52,00;
453;Pequeno Guia Histórico das Livrarias Brasileiras;978-85-7480-420-0;Ubiratan Machado;Livros sobre livros, Memória, Cultura, Livrarias, Ilustrado;R$ 58,00;
454;Pequeno Livro do Cerrado, O;85-7480-186-0;Gil Perini;Literatura brasileira, Contos;R$ 39,00;
455;Pequeno Palco;978-65-5580-020-3;Ricardo Lima;Ilustrado, Literatura, Poesia;R$ 32,00;
456;Pequeno Pomo ou a História da Música do Pós-Modernismo, O;85-85851-46-5;Boudewijn Buckinx;Música, Crítica musical;R$ 45,00;
457;Percursos pela África e por Macau;85-7480-276-X;Benilde Justo Caniato;Crítica literária, Literatura africana;R$ 44,00;
458;Perseu, Medusa  Camille Claudel - Sobre a Experiência de Captura Estética;978-85-7480-423-1;Ada Morgenstern;Arte, Psicanálise e Psicologia, Ilustrado;R$ 60,00;
459;Philobiblon ou O Amigo do Livro;978-85-7480-368-5;Marcelo Castel Cid;Tradução, Cultura medieval, Idade média, Livros sobre livros, Bilíngue, Bibliofilia;R$ 57,00;
460;Pincelagens  Debuxos / Debuxos  Pincelagens;85-7480-266-2;Hélio Cabral;Arte, Ilustração e pintura, Humor;R$ 82,00;
461;Pintura como Modelo para uma Filosofia da Expressão;978-85-7480-806-2;Ana Westphal;Arte, Filosofia;R$ 39,00;
462;Plínio, o Jovem;978-65-5580-065-4;João Ângelo Oliva Neto, Paulo Sergio de Vasconcellos, Plinio o Jovem;Bilíngue, Tradução, Literatura clássica;R$ 98,00;
463;Poema dos Lunáticos, O;85-7480-246-8;Ermanno Cavazzoni;Cinema, Romance, Literatura estrangeira, Tradução;R$ 69,00;
464;Poema, O: Leitores e Leituras;85-7480-028-7;Andrea Saad Hossne, Ivone Daré Rabello, Viviana Bosi, Cláudia Arruda Campos;Crítica literária, Literatura;R$ 46,00;
465;Poemas Reunidos;978-85-7480-509-2;Mario Higa, Cesário Verde;Poesia, Literatura portuguesa;R$ 46,80;
466;Poesia É Criação: Uma Antologia;978-85-7480-716-4;José de Almada Negreiros;Ilustrado, Poesia, Literatura estrangeira, Teoria literária, Literatura portuguesa, Teatro;R$ 68,00;
467;Poesia como Pintura, A - A Ekphrasis em Albano Martins;978-85-7480-699-0;Álvaro Cardoso Gomes;Arte, Crítica literária, Poesia, Literatura portuguesa, Estudos Literários;R$ 46,00;
468;Poesias;978-85-7480-400-2;Segismundo Spina;Literatura brasileira, Poesia;R$ 38,00;
469;Poetas Românticos, Críticos e Outros Loucos;85-7480-189-5;Charles Rosen;Tradução, Crítica literária, Literatura;R$ 63,00;
470;Política Cultural e Economia da Cultura;978-85-7480-630-3;José Carlos Durand;Política, Economia, Cultura;R$ 54,00;
471;Pontuação Circense;85-7480-035-X;Esio Macedo;Literatura brasileira, Poesia;R$ 32,00;
472;Por Minha Letra e Sinal - Documentos do Ouro do Século XVII;85-7480-303-0;Heitor Megale, Sílvio de Almeida Toledo Neto;Idade média, Paleografia, História, Livros sobre livros, Linguística;R$ 97,00;
473;Por um Cinema Popular - Leon Hirszman, Política e Resistência;978-65-5580-009-8;Gustavo Piqueira, Reinaldo Cardenuto;Ilustrado, História, Política, Cinema;R$ 88,00;
474;Por uma Nova Política - Uma Campanha na SBPC;85-7480-196-8;Renato Janine Ribeiro;Política, Sociologia e Sociedade;R$ 52,00;
475;Portanto... Pepetela;978-85-7480-457-6;Rita Chaves, Tania Macêdo;Crítica literária, Literatura africana;R$ 66,00;
476;Portas do Sonho, As;85-7480-096-1;Adélia Bezerra de Meneses;Mitologia, Psicanálise e Psicologia, Cultura, Ilustrado;R$ 72,00;
477;Portos Flutuantes - Trânsitos Ibero-afro-americanos;85-7480-245-X;Benjamin Abdala Jr., Marli Fantini Scarpelli;Literatura brasileira, Crítica literária, Literatura portuguesa, Literatura africana;R$ 65,00;
478;Porvir que Vem Antes de Tudo - Literatura e Cinema em Lavoura Arcaica;978-85-7480-585-6;Renato Tardivo;Crítica literária, Psicanálise e Psicologia, Cinema;R$ 36,00;
479;PRÉ-VENDA - Antígona;978-65-5580-085-2;Sofocles, Jaa Torrano;Bilíngue, Teatro, Literatura clássica, Cultura grega;R$ 86,00;
480;PRÉ-VENDA - Édipo Rei;978-65-5580-086-9;Sofocles, Jaa Torrano;Bilíngue, Teatro, Literatura clássica, Cultura grega;R$ 89,00;
481;Prelúdio da Metrópole - Arquitetura e Urbanismo em São Paulo na Passagem do Século XIX ao XX;85-7480-014-7;Hugo Segawa;Arquitetura, Urbanismo, Patrimônio Histórico, Ilustrado;R$ 82,00;
482;Prenúncios e Vestígios;978-85-7480-695-2;Edward Lopes;Literatura brasileira, Crítica literária;R$ 75,00;
483;Presente;978-65-5580-039-5;Esio Macedo;Literatura, Poesia;R$ 52,00;
484;Preservação do Patrimônio Arquitetônico da Industrialização;978-85-7480-814-7;Beatriz Mugayar Kühl;Arquitetura, Restauração, Patrimônio Histórico, Ilustrado;R$ 98,00;
485;Primórdios da Cerveja no Brasil, Os;85-7480-183-6;Sérgio de Paula Santos;Gastronomia, História;R$ 30,00;
486;Primeiras Palavras;85-85851-88-0;Douglas Messerli;Poesia, Literatura estrangeira, Bilíngue;R$ 28,00;
487;Primeiro Livro. A Vida Muito Horrífica do Grande Gargantua, Pai de Pantagruel;978-65-5580-054-8;François Rabelais, Élide Valarini Oliver;Ilustrado, Romance, Literatura estrangeira, Tradução;R$ 160,00;
488;Privilégios, Os;978-85-7480-591-7;Jerusa Pires Ferreira, Stendhal;Literatura estrangeira, Contos, Tradução;R$ 28,00;
489;Processos de Criação em À Sombra das Raparigas em Flor, Os;978-85-7480-732-4;Philippe Willemart;Crítica literária, Literatura, Teoria literária, Psicanálise e Psicologia;R$ 55,00;
490;Produção Gráfica para Designers;978-85-7480-731-7;Mark Gatter;Ilustrado, Design, Artes gráficas, Tradução, Livros sobre livros;R$ 148,00;
491;Proust, Poeta e Psicanalista;85-7480-024-4;Philippe Willemart;Crítica literária, Literatura estrangeira, Psicanálise e Psicologia;R$ 52,00;
492;Psicolirismo da Terapia Cotidiana;978-85-7480-639-6;Rita Moutinho;Poesia;R$ 58,00;
493;Quadragésimo;85-85851-79-1;Horácio Costa;Literatura brasileira, Poesia;R$ 55,00;
494;Quarto Livro dos Fatos e Ditos Heroicos do Bom Pantagruel, O;978-85-7480-709-6;François Rabelais;Tradução, Romance, Literatura estrangeira, Ilustrado;R$ 146,00;
495;Quase Fim de Serapião Filogônio, O;978-85-7480-390-6;Jonas Rosa;Literatura brasileira, Romance;R$ 44,00;
496;Quase Tudo;978-85-7480-530-6;Ecos Falsos;Música, Biografia;R$ 30,00;
497;Quatro Ensaios sobre OSCAR NIEMEYER;978-85-7480-666-2;Paulo Bruna, Ingrid Quintana Guerrero;Ilustrado, Arquitetura, Restauração, Urbanismo;R$ 65,00;
498;Queda do Muro de Berlim e a Presentificação da História, A;85-7480-131-3;Flávia Bancher;Política, História, Sociologia e Sociedade, Ilustrado;R$ 43,00;
499;Questão da Ideologia no Círculo de Bakhtin, A;978-85-7480-760-7;Luiz Rosalvo Costa;Ilustrado, Comunicação, Filosofia, Linguística;R$ 62,00;
500;Quincas Borba;978-85-7480-742-3;Machado de Assis, Jean Pierre Chauvin, Kaio Romero;Ilustrado, Literatura brasileira, Romance;R$ 48,50;
501;Rabelais e Joyce - Três Leituras Menipeias;978-85-7480-313-5;Élide Valarini Oliver;Crítica literária, Literatura estrangeira;R$ 53,00;
502;Rapid Departures;85-7480-308-1;Vincent Katz;Tipografia, Poesia, Literatura estrangeira, Bilíngue, Ilustrado, Tradução;R$ 64,00;
503;Réu Confesso - Poemas Reunidos (1968-2010);978-85-7480-521-4;Luiz Meyer;Literatura brasileira, Poesia;R$ 44,00;
504;Realidade  Ilusão em Machado de Assis;978-85-7480-410-1;José Aderaldo Castello;Literatura brasileira, Crítica literária;R$ 54,00;
505;Realidade Possível: Dilemas da Ficção em Henry James e Machado de Assis;978-85-7480-626-6;Marcelo Pen Parreira;Crítica literária;R$ 61,00;
506;Realidades e Ficções na Trama Fotográfica - 5ª Edição;978-85-7480-730-0;Boris Kossoy;História, Fotografia;R$ 45,00;
507;Realidades e Ficções na Trama Fotográfica - 6a ed.;978-65-5580-013-5;Boris Kossoy;Ilustrado, História, Fotografia;R$ 47,00;
508;Refluxos;978-85-7480-523-8;Edson Valente;Literatura brasileira, Contos;R$ 38,00;
509;Relíquia, A;978-85-7480-755-3;Fernando Marcílio L. Couto, Eça de Queirós;Romance, Literatura portuguesa, Ilustrado;R$ 47,00;
510;Remorso do Cosmos;85-7480-197-6;Régis Bonvicino;Literatura brasileira, Poesia;R$ 43,00;
511;René Thiollier - Obra e Vida do Grão-Senhor da Villa Fortunata e da Academia Paulista de Letras;978-85-7480-770-6;Valter Cesar Pinheiro;Ilustrado, Literatura brasileira, Crítica literária, Biografia;R$ 61,00;
512;República das Bicicletas;85-7480-199-2;Moacyr Godoy Moreira;Literatura brasileira, Crônicas;R$ 50,00;
513;Repensando a Educação;978-85-7480-379-1;Geraldina Porto Witter;Educação e Pedagogia;R$ 35,00;
514;Repensando o Partido Verde Brasileiro;85-7480-255-7;Tibor Rabóczkay;Política;R$ 53,00;
515;Resíduos;85-85851-23-6;David Oscar Vaz;Literatura brasileira, Contos;R$ 42,00;
516;Resíduos Ensaísticos de uma Pós-Graduação;978-85-7480-517-7;Segismundo Spina;Crítica literária, Teoria literária, Linguística;R$ 34,00;
517;Resposta;85-7480-279-4;Elisa Nazarian;Literatura brasileira, Poesia;R$ 48,00;
518;Restauração;978-85-7480-632-7;E. E. Viollet-le-Duc;Arquitetura, Restauração;R$ 38,00;
519;Restauradores, Os - 5a. ed.;978-65-5580-049-4;Beatriz Mugayar Kühl, Camillo Boito, Paulo Mugayar Kühl;Arquitetura, Restauração, Patrimônio Histórico, Urbanismo;R$ 39,00;
520;Resumo do Dia;85-85851-11-2;Heitor Ferraz;Literatura brasileira, Poesia;R$ 26,00;
521;Retorno de Bennu, O;978-85-7480-803-1;Majela Colares;Literatura brasileira, Poesia;R$ 43,00;
522;Retrato do Brasil em Cordel;978-85-7480-538-2;Mark Curran;Ilustrado, Livros sobre livros, Literatura brasileira, Cultura, Cordel;R$ 108,00;
523;Revista de Estudos Orientais n° 4;(não possui);Depto. Letras Orientais USP;Literatura estrangeira;R$ 60,00;
524;Revistas na Era Pós-Verso;85-7480-222-0;Omar Khouri;Crítica literária, Editoração, Poesia concreta, Ilustrado;R$ 42,00;
525;Rio na Parede, O;978-85-7480-586-3;Gil Felippe;Literatura brasileira, Contos;R$ 40,00;
526;Romance de Formação em Perspectiva Histórica - O Tambor de Lata de Günter Grass;85-85851-87-2;Marcus Vinicius Mazzari;Crítica literária, Literatura estrangeira;R$ 54,00;
527;Romance de Formação: Caminhos e Descaminhos do Herói;978-65558-000-74;Marcus Vinicius Mazzari, Maria Cecilia Marks;Crítica literária, Literatura, Teoria literária;R$ 96,00;
528;Rosa Luxemburgo: Crise e Revolução;978-85-7480-809-3;Rosa Rosa Gomes;História, Política;R$ 67,00;
529;Rosto da Memória, O;978-85-7480-690-7;Décio Pignatari;Literatura brasileira, Contos;R$ 47,00;
530;Roteiro para um Narrador - Uma Leitura dos Contos de Rubem Fonseca;85-7480-020-1;Ariovaldo José Vidal;Literatura brasileira, Crítica literária;R$ 53,00;
531;Rousseau e as Artes;978-85-7480-701-0;Paulo Mugayar Kühl, Célia Gambini;Arte, Filosofia;R$ 47,00;
532;Rudimentos da Vida Coletiva;85-7480-137-2;Alcir Pécora;Literatura brasileira, Romance;R$ 38,00;
533;Rumo à Vertigem ou A Arte de Naufragar-se;978-85-7480-717-1;Wassily Chuck;Literatura brasileira, Poesia, Ilustrado;R$ 62,00;
534;Rupturas - Poemas em Busca de um Eixo;978-85-7480-569-6;Ana Maria Amaral;Literatura brasileira, Poesia, Ilustrado;R$ 33,00;
535;Sabedoria do Bibliotecário, A;978-85-7480-829-1;Michel Melot;Biblioteconomia, Livros sobre livros;R$ 36,00;
536;Salvações no Nordeste - Política e Participação Popular;978-85-7480-573-3;Flávia Borges Pereira;Política, História, Sociologia e Sociedade, Cordel;R$ 47,00;
537;Sangue dos Dias Transparentes, O;85-7480-134-8;Paulo Franchetti;Literatura brasileira, Contos;R$ 42,00;
538;Saramago - Um Roteiro para os Romances - 2 ed.;978-65-5580-083-8;Eduardo Calbucci;Literatura portuguesa, Estudos Literários;R$ 61,00;
539;São Paulo: Trânsitos;85-7480-297-2;Vincenzo Scarpellini;Arte, Ilustração e pintura;R$ 26,00;
540;São Paulo: Vidas;85-7480-298-0;Vincenzo Scarpellini;Arte, Ilustração e pintura;R$ 26,00;
541;Século da Canção, O - 3a. ed.;978-65-5580-036-4;Luiz Tatit;Música, Semiótica, Crítica musical;R$ 64,00;
542;Só (seguido de Despedidas);978-85-7480-463-7;Annie Gisele Fernandes, Hélder Garmes, Antônio Nobre;Poesia, Literatura portuguesa, Ilustrado;R$ 49,00;
543;Sôbô - Uma Saga da Imigração Japonesa (2a. ed.);978-85-7480-833-8;Tatsuzô Ishikawa;Memória, Romance, Literatura estrangeira, Ilustrado, Tradução;R$ 54,00;
544;Segundo Livro do Bom Pantagruel, Rei dos Dipsodos... O;978-65-5580-055-5;François Rabelais, Élide Valarini Oliver;Ilustrado, Romance, Literatura estrangeira, Tradução;R$ 132,00;
545;Sementes Aladas;978-85-7480-471-2;Percy Bysshe Shelley;Poesia, Literatura estrangeira, Bilíngue, Tradução;R$ 56,00;
546;Semiótica  Literatura (8a. ed.);978-85-7480-778-2;Décio Pignatari;Comunicação, Cultura, Literatura, Semiótica;R$ 52,00;
547;Semiótica à Luz de Guimarães Rosa;978-85-7480-397-5;Luiz Tatit;Literatura brasileira, Crítica literária, Semiótica;R$ 48,00;
548;Semiótica da Arte e da Arquitetura;85-7480-206-9;Décio Pignatari;Arte, Semiótica, Arquitetura, Ilustrado;R$ 41,00;
549;Serafim Ponte Grande e as Dificuldades da Crítica Literária;85-7480-036-8;Pascoal Farinaccio;Literatura brasileira, Crítica literária;R$ 59,00;
550;Signos (em) Cena - Poemas | Ensaios;978-85-7480-515-3;Aguinaldo Gonçalves;Arte, Literatura brasileira, Poesia, Ilustrado;R$ 82,00;
551;Silêncios de Água e Pedra;978-85-7480-388-3;Wassily Chuck;Literatura brasileira, Poesia;R$ 46,00;
552;Silêncios no Escuro;978-85-7480-715-7;Maria Viana;Literatura brasileira, Contos;R$ 43,00;
553;Simbolismo dos Padrões Geométricos da Arte Islâmica, O;978-85-7480-367-8;Sylvia Leite;Arte, Religião, Cultura islâmica, Ilustrado, Cultura árabe;R$ 56,00;
554;Sinais das Ideias;85-7480-317-0;Moacir Ferreira de Oliveira;Literatura brasileira, Poesia;R$ 48,00;
555;Soalho de Tábua;978-85-7480-548-1;Moacyr Godoy Moreira;Literatura brasileira, Contos, Ilustrado;R$ 35,00;
556;Sobre o Filme Lavour'Arcaica;85-7480-140-2;Luiz Fernando Carvalho;Cinema, Entrevistas, Ilustrado;R$ 53,00;
557;Sociologia Brasileira Hoje;978-85-7480-772-0;Sergio Miceli, Carlos Benedito Martins;Ilustrado, Sociologia e Sociedade, Política, Economia, Cidadania;R$ 68,00;
558;Sociologia Brasileira Hoje II;978-85-7480-810-9;Sergio Miceli, Carlos Benedito Martins;Sociologia e Sociedade, Política, Economia;R$ 64,00;
559;Sociologia da Leitura;978-85-7480-507-8;Mauro Gama, Chantal Horellou-Lafarge, Monique Segré;Tradução, Sociologia e Sociedade, Literatura, Cultura, Livrarias;R$ 48,00;
560;Sofia - Uma Ventania para Dentro / Sofia - Una Brisa para Dentro;85-7480-294-8;Sidney Rocha;Literatura brasileira, Romance, Bilíngue;R$ 52,00;
561;Sombras da Percepção;978-85-7480-520-7;Geoffrey Lynn, Aurora Fornoni Bernardini;Poesia, Literatura estrangeira, Bilíngue;R$ 38,00;
562;Sombras e Distâncias;85-7480-063-5;Egberto Penido;Literatura brasileira, Poesia, Ilustrado;R$ 38,00;
563;Somente nos Cinemas;978-85-7480-836-9;Jorge Ialanji Filholini;Literatura brasileira, Contos;R$ 46,00;
564;Sondas;85-85851-19-8;José de Paula Ramos Jr.;Literatura brasileira, Poesia;R$ 42,00;
565;Sonetos de Camões;9788574807447;Izeti Fragata Torralvo, Carlos Cortez Minchillo, Luís de Camões;Poesia, Literatura portuguesa, Ilustrado;R$ 40,00;
566;Sudário;85-7480-330-8;Guiomar de Grammont;Literatura brasileira, Contos;R$ 52,00;
567;Túnel do Tempo;978-85-7480-370-8;José Sebastião Witter;Memória, Literatura brasileira, Jornalismo;R$ 44,00;
568;Teatro da Memória de Giulio Camillo, O;85-7480-296-4;Milton José de Almeida;Arte, Teatro, Filosofia, Ilustrado;R$ 78,00;
569;Teatro de Animação;85-85851-25-2;Ana Maria Amaral;Teatro, Ilustrado;R$ 43,00;
570;Teatro Russo - Literatura e Espetáculo;978-85-7480-567-2;Arlete Cavalieri, Elena Vássina;Ilustrado, Crítica literária, Literatura estrangeira, Teatro;R$ 98,00;
571;Tempo Solto;978-85-7480-637-2;Amálio Pinheiro;Literatura brasileira, Poesia;R$ 42,00;
572;Tempo Vivo da Memória, O - 4a ed.;978-65-5580-067-8;Ecléa Bosi;Memória, Ilustrado, Sociologia e Sociedade, Psicanálise e Psicologia, Cidadania;R$ 67,00;
573;Tempo Vivo da Memória, O - Ensaios de Psicologia Social;978-85-7480-640-2;Ecléa Bosi;Memória, Psicanálise e Psicologia, Sociologia e Sociedade;R$ ;
574;Tempos da Fotografia, Os - O Efêmero e o Perpétuo;978-85-7480-336-4;Boris Kossoy;História, Fotografia, Ilustrado;R$ 55,00;
575;Teoria da Poesia Concreta - Textos Críticos e Manifestos (1950-1960);978-85-7480-678-5;Décio Pignatari, Augusto de Campos, Haroldo de Campos;Literatura brasileira, Poesia, Teoria literária, Poesia concreta;R$ 68,00;
576;Teoria da Restauração;978-85-7480-631-0;Cesare Brandi;Arquitetura, Restauração;R$ 68,00;
577;Terceiro Livro dos Fatos e Ditos Heroicos do Bom Pantagruel - 2a ed.;978-65-5580-056-2;François Rabelais, Élide Valarini Oliver;Ilustrado, Romance, Literatura estrangeira, Tradução;R$ 152,00;
578;Terceiro Livro dos Fatos e Ditos Heroicos do Bom Pantagruel, O - 1a edição;85-7480-103-8;François Rabelais;Romance, Literatura estrangeira, Ilustrado, Tradução;R$ 136,00;
579;Terceiro Tempo;978-85-7480-691-4;Décio Pignatari;Literatura brasileira, Crônicas, História;R$ 44,00;
580;Território de Epidauro;85-7480-188-7;Pedro Nava;Memória, Medicina e Saúde;R$ 60,00;
581;Til - Romance Brasileiro;978-85-7480-587-0;Ivan Teixeira, José de Alencar;Literatura brasileira, Romance, Ilustrado;R$ 47,80;
582;Timbre;85-7480-242-5;Virgílio Maia;Literatura brasileira, Poesia;R$ 40,00;
583;Toda a Cidade de São Francisco do Pará;978-6555-800-142;Gustavo Piqueira;Arte, Comunicação, História;R$ 35,00;
584;Todos Entoam - Ensaios, Conversas e Lembranças;978-85-7480-689-1;Luiz Tatit;Música, Biografia;R$ 73,00;
585;Together 1996;85-85851-29-5;Régis Bonvicino;Literatura brasileira, Poesia;R$ 28,00;
586;Tolerância e o Intempestivo, A;85-7480-293-X;Edson Passetti;Política, Sociologia e Sociedade, Religião, Filosofia;R$ 59,00;
587;Tragédia Grega - O Mito em Cena;85-7480-187-9;Daisi Malhadas;Mitologia, Teatro;R$ 41,00;
588;Trajetória de Paulo Emilio;978-85-7480-654-9;Adilson Mendes;Cinema, Cultura;R$ 58,00;
589;Trajetória em Noite Escura;978-85-7480-562-7;Naoya Shiga;Romance, Literatura estrangeira, Tradução;R$ 65,00;
590;Transliteração do Hebraico para Leitores Brasileiros;978-85-7480-646-4;Saul Kirschbaum;Tradução, Judaísmo, Editoração, Hebraico;R$ 20,00;
591;Transmutação Metalinguística na Poética de Edgard Braga, A;978-85-7480-634-1;Beatriz Helena Ramos Amaral;Literatura brasileira, Crítica literária, Poesia;R$ 56,00;
592;Transverso;978-85-7480-741-6;Marcos Pamplona;Poesia;R$ 44,90;
593;Travessias - D. João VI e o Mundo Lusófono;978-85-7480-665-5;Paulo Motta Oliveira;Crítica literária, Literatura portuguesa, História;R$ 69,00;
594;Trágica História do Dr. Fausto, A;978-85-7480-815-4;Luís Bueno, Christopher Marlowe;Bilíngue, Tradução, Teatro, Literatura clássica;R$ 128,00;
595;Três Vezes Machado de Assis;978-85-7480-345-6;Ubiratan Machado;Memória, Literatura brasileira, Crítica literária;R$ 34,00;
596;Tripé;85-85851-77-5;Rodrigo Lacerda;Literatura brasileira, Contos;R$ 52,00;
597;Triste Fim de Policarpo Quaresma;978-85-7480-704-1;Gustavo Martins, Lima Barreto, Ivan Teixeira;Literatura brasileira, Romance, Ilustrado;R$ 45,50;
598;Tropicália - Alegoria Alegria (5a. ed.);978-65-5580-017-3;Celso Favaretto;Música, Crítica musical;R$ 57,00;
599;TV Digital.Br: Conceitos e Estudos sobre o ISDB-Tb;978-85-7480-455-2;S. Squirra, Valdecir Becker;Comunicação, Televisão, Ilustrado;R$ 48,00;
600;Um Amor Literário;85-7480-305-7;Letícia Malard;Literatura brasileira, Romance;R$ 44,00;
601;Um Canto;85-85851-33-3;Cacá Moreira de Souza;Literatura brasileira, Poesia;R$ 57,00;
602;Um Lance de Dados - 2a. ed.;978-85-7480-767-6;Álvaro Faleiros, Stéphane Mallarmé;Poesia, Literatura estrangeira, Bilíngue, Tradução;R$ 52,00;
603;Uma Lua em Paris;85-85851-17-1;M. A. Amaral Rezende;Ilustrado, Literatura brasileira, Romance;R$ 42,00;
604;Urna, A;85-7480-019-8;David Oscar Vaz;Literatura brasileira, Contos;R$ 43,00;
605;Vanguardas: Brasil  Itália;85-7480-157-7;Lúcia Wataghin;Crítica literária, Arquitetura, Cultura;R$ 65,00;
606;Várias Histórias;978-85-7480-441-5;José de Paula Ramos Jr., Machado de Assis;Literatura brasileira, Contos, Ilustrado;R$ 44,00;
607;Vão-se os Dias e Eu Fico;978-85-7480-451-4;Edson Nery da Fonseca;Memória, Biblioteconomia, Ilustrado;R$ 47,00;
608;Velho é o Espelho;978-85-7480-372-2;Maria de Lourdes Ferreira Alves;Literatura brasileira, Poesia;R$ 46,00;
609;Velho Chico ou A Vida é Amável, O;85-85851-57-0;Dirce de Assis Cavalcanti;Memória;R$ 51,00;
610;Velhos Amigos;978-85-7480-841-3;Ecléa Bosi;Memória, Ilustrado, Literatura brasileira, Contos, Crônicas;R$ 46,00;
611;Vermelho;85-7480-039-2;Aguinaldo Gonçalves;Ilustrado, Literatura brasileira, Poesia;R$ 58,00;
612;Viagem a um Deserto Interior;978-85-7480-711-9;Leila Guenther;Literatura brasileira, Poesia, Ilustrado;R$ 52,00;
613;Viagem ao Egito, Jordânia e Israel;85-7480-241-7;Pedro Nava;Memória, Literatura brasileira, Ilustrado;R$ 32,00;
614;Viagem de Joseph Língua;978-85-7480-448-4;Pedro Américo de Farias;Literatura brasileira, Romance;R$ 27,00;
615;Viagem Magnética;978-85-7480-687-7;Décio Pignatari;Literatura brasileira, Teatro;R$ 39,00;
616;Viagens na Minha Terra;978-85-7480-592-4;Ivan Teixeira, Kaio Romero, Almeida Garrett;Romance, Literatura portuguesa, Ilustrado;R$ 47,80;
617;Vida e Morte de M. J. Gonzaga de Sá;978-85-7480-765-2;Lima Barreto, Marcos Scheffel, Kaio Romero;Ilustrado, Literatura brasileira, Romance;R$ 43,00;
618;Vida Literária no Brasil Colônia, A;978-65-5580-080-7;Ubiratan Machado;Ilustrado, Literatura brasileira, História, Estudos Literários;R$ 86,00;
619;Vidas de Dante - 2 edição;978-65-5580-075-3;Dante Alighieri, Eduardo Henrik Aubert;Biografia, História;R$ 75,00;
620;Vitrola dos Ausentes;85-7480-269-7;Paulo Ribeiro;Literatura brasileira, Romance;R$ 43,00;
621;Viva Vaia - Poesia 1949-1979;978-85-7480-688-4;Augusto de Campos;Literatura brasileira, Poesia, Poesia concreta, Ilustrado;R$ 160,00;
622;Vocabulário Português-Nheengatu - Nheengatu-Português;978-85-7480-638-9;E. Stradelli;Tradução, Dicionário, Linguística;R$ 92,00;
623;Voo Noturno das Galinhas, O;85-7480-323-5;Leila Guenther;Literatura brasileira, Contos;R$ 42,00;
624;Voz que Canta na Voz que Fala, A - Poética e Política na Trajetória de Gilberto Gil;978-85-7480-718-8;Pedro Henrique Varoni de Carvalho;Música, Crítica musical;R$ 69,00;
625;William Morris - Sobre as Artes do Livro;978-85-7480-845-1;Gustavo Piqueira, William Morris;Ilustrado, Design, Artes gráficas, Tradução, Editoração, Livros sobre livros;R$ 160,00;
626;Yaser;978-85-7480-813-0;Eda Nagayama;Ilustrado, Romance, Literatura, Bilíngue, Política;R$ 45,00;
627;Zé Ferino;85-85851-98-8;Rodrigo Penteado;Literatura brasileira, Romance, Ilustrado;R$ 34,00;